test_index,true,pred
0,0,0
1,0,0
2,0,5
3,0,5
4,0,0
5,0,2
6,0,4
7,0,0
8,0,0
9,0,0
10,0,2
11,0,4
12,0,0
13,0,5
14,0,4
15,0,0
16,0,0
17,0,3
18,0,5
19,0,0
20,0,3
21,0,0
22,0,0
23,0,0
24,0,4
25,0,0
26,0,0
27,0,5
28,0,0
29,0,0
30,0,0
31,0,0
32,0,5
33,0,5
34,0,0
35,0,0
36,0,0
37,0,0
38,0,5
39,0,0
40,0,0
41,0,0
42,0,0
43,0,2
44,0,0
45,0,0
46,0,0
47,0,5
48,0,5
49,0,0
50,0,5
51,0,0
52,0,0
53,0,2
54,0,0
55,0,0
56,0,0
57,0,5
58,0,0
59,0,0
60,0,5
61,0,0
62,0,2
63,0,0
64,0,6
65,0,5
66,0,0
67,0,2
68,0,4
69,0,2
70,0,0
71,0,3
72,0,2
73,0,0
74,0,0
75,0,0
76,0,0
77,0,5
78,0,5
79,0,0
80,0,0
81,0,0
82,0,4
83,0,0
84,0,3
85,0,0
86,0,2
87,0,0
88,0,0
89,0,2
90,0,0
91,0,0
92,0,2
93,0,0
94,0,0
95,0,0
96,0,0
97,0,0
98,0,0
99,0,2
100,0,0
101,0,2
102,0,5
103,0,0
104,0,0
105,0,5
106,0,0
107,0,0
108,0,0
109,0,0
110,0,0
111,0,0
112,0,4
113,0,0
114,0,0
115,0,0
116,0,0
117,0,0
118,0,4
119,0,1
120,0,2
121,0,0
122,0,0
123,0,5
124,0,3
125,0,5
126,0,0
127,0,0
128,0,0
129,0,5
130,0,0
131,0,0
132,0,0
133,0,0
134,0,4
135,0,0
136,0,3
137,0,5
138,0,0
139,0,0
140,0,0
141,0,0
142,0,5
143,0,3
144,0,2
145,0,4
146,0,0
147,0,4
148,0,0
149,0,0
150,0,5
151,0,0
152,0,0
153,0,1
154,0,0
155,0,0
156,0,0
157,0,0
158,0,0
159,0,3
160,0,0
161,0,0
162,0,4
163,0,3
164,0,0
165,0,0
166,0,0
167,0,0
168,0,0
169,0,5
170,0,0
171,0,0
172,0,0
173,0,0
174,0,0
175,0,2
176,0,0
177,0,3
178,0,0
179,0,0
180,0,0
181,0,0
182,0,5
183,0,0
184,0,5
185,0,0
186,0,0
187,0,5
188,0,5
189,0,4
190,0,2
191,0,0
192,0,0
193,0,5
194,0,6
195,0,0
196,0,0
197,0,2
198,0,5
199,0,0
200,0,4
201,0,4
202,0,5
203,0,2
204,0,0
205,0,4
206,0,0
207,0,0
208,0,0
209,0,3
210,0,6
211,0,4
212,0,0
213,0,4
214,0,0
215,0,0
216,0,0
217,0,0
218,0,4
219,0,0
220,0,0
221,0,0
222,0,0
223,0,2
224,0,0
225,0,4
226,0,2
227,0,3
228,0,4
229,0,3
230,0,0
231,0,0
232,0,5
233,0,5
234,0,4
235,0,2
236,0,2
237,0,5
238,0,3
239,0,4
240,0,5
241,0,2
242,0,3
243,0,0
244,0,2
245,0,4
246,0,4
247,0,3
248,0,0
249,0,0
250,0,5
251,0,0
252,0,0
253,0,0
254,0,0
255,0,0
256,0,3
257,0,0
258,0,4
259,0,5
260,0,2
261,0,0
262,0,0
263,0,0
264,0,1
265,0,0
266,0,0
267,0,0
268,0,0
269,0,0
270,0,0
271,0,0
272,0,0
273,0,5
274,0,0
275,0,0
276,0,0
277,0,0
278,0,5
279,0,2
280,0,5
281,0,5
282,0,0
283,0,3
284,0,0
285,0,0
286,0,5
287,0,5
288,0,0
289,0,0
290,0,0
291,0,0
292,0,0
293,0,1
294,0,0
295,0,4
296,0,0
297,0,5
298,0,0
299,0,0
300,0,5
301,0,0
302,0,2
303,0,4
304,0,0
305,0,0
306,0,4
307,0,5
308,0,0
309,0,0
310,0,0
311,0,0
312,0,3
313,0,0
314,0,0
315,0,0
316,0,1
317,0,0
318,0,0
319,0,0
320,0,0
321,0,0
322,0,4
323,0,0
324,0,4
325,0,0
326,0,0
327,0,0
328,0,0
329,0,0
330,0,4
331,0,0
332,0,0
333,0,0
334,0,4
335,0,0
336,0,0
337,0,5
338,0,0
339,0,5
340,0,0
341,0,0
342,0,0
343,0,0
344,0,0
345,0,0
346,0,0
347,0,5
348,0,0
349,0,0
350,0,0
351,0,4
352,0,4
353,0,0
354,0,0
355,0,0
356,0,0
357,0,4
358,0,2
359,0,0
360,0,2
361,0,0
362,0,4
363,0,0
364,0,5
365,0,0
366,0,5
367,0,5
368,0,0
369,0,0
370,0,0
371,0,0
372,0,0
373,0,2
374,0,5
375,0,2
376,0,0
377,0,0
378,0,5
379,0,0
380,0,4
381,0,0
382,0,4
383,0,6
384,0,0
385,0,0
386,0,0
387,0,0
388,0,5
389,0,0
390,0,0
391,0,3
392,0,0
393,0,5
394,0,2
395,0,0
396,0,0
397,0,5
398,0,0
399,0,0
400,0,0
401,0,0
402,0,5
403,0,0
404,0,5
405,0,0
406,0,4
407,0,4
408,0,0
409,0,0
410,0,1
411,0,0
412,0,0
413,0,0
414,0,0
415,0,0
416,0,0
417,0,5
418,0,5
419,0,4
420,0,5
421,0,5
422,0,0
423,0,0
424,0,0
425,0,0
426,0,0
427,0,2
428,0,4
429,0,0
430,0,0
431,0,0
432,0,5
433,0,6
434,0,0
435,0,3
436,0,5
437,0,5
438,0,0
439,0,5
440,0,0
441,0,3
442,0,5
443,0,0
444,0,5
445,0,2
446,0,2
447,0,0
448,0,5
449,0,0
450,0,0
451,0,0
452,0,0
453,0,6
454,0,0
455,0,0
456,0,4
457,0,3
458,0,5
459,0,5
460,0,0
461,0,5
462,0,0
463,0,0
464,0,5
465,0,0
466,0,5
467,0,0
468,0,5
469,0,0
470,0,4
471,0,4
472,0,0
473,0,0
474,0,6
475,0,0
476,0,0
477,0,0
478,0,0
479,0,2
480,0,0
481,0,0
482,0,0
483,0,3
484,0,5
485,0,0
486,0,0
487,0,0
488,0,0
489,0,0
490,0,0
491,0,5
492,0,0
493,0,0
494,0,5
495,0,0
496,0,3
497,0,0
498,0,0
499,0,5
500,0,0
501,0,0
502,0,5
503,0,5
504,0,0
505,0,0
506,0,0
507,0,5
508,0,0
509,0,0
510,0,0
511,0,0
512,0,0
513,0,0
514,0,0
515,0,0
516,0,5
517,0,2
518,0,0
519,0,0
520,0,4
521,0,0
522,0,0
523,0,0
524,0,3
525,0,0
526,0,0
527,0,0
528,0,5
529,0,0
530,0,5
531,0,5
532,0,0
533,0,0
534,0,0
535,0,0
536,0,5
537,0,0
538,0,3
539,0,0
540,0,5
541,0,5
542,0,0
543,0,4
544,0,4
545,0,0
546,0,0
547,0,4
548,0,0
549,0,4
550,0,6
551,0,0
552,0,0
553,0,0
554,0,5
555,0,3
556,0,1
557,0,0
558,0,0
559,0,0
560,0,0
561,0,3
562,0,0
563,0,4
564,0,0
565,0,0
566,0,5
567,0,0
568,0,0
569,0,0
570,0,0
571,0,0
572,0,0
573,0,0
574,0,0
575,0,2
576,0,0
577,0,5
578,0,0
579,0,0
580,0,0
581,0,6
582,0,3
583,0,4
584,0,0
585,0,6
586,0,5
587,0,0
588,0,2
589,0,3
590,0,4
591,0,3
592,0,4
593,0,2
594,0,0
595,0,0
596,0,0
597,0,0
598,0,0
599,0,5
600,0,0
601,0,0
602,0,0
603,0,2
604,0,2
605,0,0
606,0,0
607,0,0
608,0,0
609,0,0
610,0,0
611,0,2
612,0,0
613,0,4
614,0,5
615,0,2
616,0,2
617,0,0
618,0,3
619,0,3
620,0,0
621,0,2
622,0,0
623,0,0
624,0,0
625,0,0
626,0,0
627,0,0
628,0,5
629,0,4
630,0,0
631,0,0
632,0,0
633,0,0
634,0,0
635,0,0
636,0,0
637,0,0
638,0,0
639,0,5
640,0,0
641,0,4
642,0,0
643,0,0
644,0,0
645,0,4
646,0,5
647,0,0
648,0,5
649,0,0
650,0,4
651,0,5
652,0,0
653,0,0
654,0,0
655,0,5
656,0,2
657,0,0
658,0,0
659,0,0
660,0,4
661,0,4
662,0,0
663,0,3
664,0,0
665,0,4
666,0,0
667,0,3
668,0,0
669,0,0
670,0,0
671,0,5
672,0,0
673,0,5
674,0,0
675,0,2
676,0,5
677,0,5
678,0,0
679,0,0
680,0,0
681,0,2
682,0,4
683,0,4
684,0,5
685,0,0
686,0,0
687,0,5
688,0,0
689,0,5
690,0,4
691,0,0
692,0,0
693,0,0
694,0,0
695,0,0
696,0,2
697,0,0
698,0,1
699,0,0
700,0,0
701,0,6
702,0,0
703,0,1
704,0,5
705,0,0
706,0,2
707,0,0
708,0,0
709,0,4
710,0,0
711,0,0
712,0,2
713,0,2
714,0,0
715,0,4
716,0,0
717,0,3
718,0,0
719,0,3
720,0,0
721,0,5
722,0,0
723,0,0
724,0,0
725,0,0
726,0,2
727,0,4
728,0,0
729,0,0
730,0,0
731,0,4
732,0,0
733,0,0
734,0,6
735,0,0
736,0,0
737,0,5
738,0,0
739,0,0
740,0,0
741,0,0
742,0,0
743,0,0
744,0,0
745,0,0
746,0,0
747,0,0
748,0,0
749,0,0
750,0,0
751,0,0
752,0,4
753,0,0
754,0,0
755,0,5
756,0,4
757,0,5
758,0,3
759,0,0
760,0,2
761,0,4
762,0,0
763,0,0
764,0,5
765,0,5
766,0,0
767,0,2
768,0,3
769,0,0
770,0,0
771,0,0
772,0,0
773,0,0
774,0,0
775,0,3
776,0,5
777,0,4
778,0,0
779,0,0
780,0,0
781,0,5
782,0,0
783,0,5
784,0,0
785,0,0
786,0,0
787,0,0
788,0,5
789,0,0
790,0,0
791,0,3
792,0,5
793,0,4
794,0,0
795,0,0
796,0,0
797,0,0
798,0,6
799,0,4
800,0,0
801,0,4
802,0,4
803,0,3
804,0,0
805,0,0
806,0,0
807,0,5
808,0,1
809,0,0
810,0,5
811,0,0
812,0,0
813,0,0
814,0,6
815,0,5
816,0,6
817,0,0
818,0,0
819,0,0
820,0,0
821,0,0
822,0,0
823,0,5
824,0,0
825,0,0
826,0,0
827,0,0
828,0,0
829,0,4
830,0,0
831,0,0
832,0,2
833,0,0
834,0,0
835,0,5
836,0,0
837,0,0
838,0,0
839,0,0
840,0,2
841,0,0
842,0,5
843,0,5
844,0,0
845,0,3
846,0,5
847,0,0
848,0,5
849,0,4
850,0,0
851,0,4
852,0,0
853,0,0
854,0,3
855,0,0
856,0,0
857,0,4
858,0,5
859,0,0
860,0,0
861,0,3
862,0,0
863,0,5
864,0,0
865,0,6
866,0,0
867,0,6
868,0,0
869,0,5
870,0,0
871,0,0
872,0,0
873,0,0
874,0,0
875,0,0
876,0,0
877,0,0
878,0,0
879,0,0
880,0,0
881,0,0
882,0,2
883,0,0
884,0,3
885,0,4
886,0,0
887,0,0
888,0,4
889,0,0
890,0,0
891,0,0
892,0,5
893,0,4
894,0,3
895,0,0
896,0,3
897,0,4
898,0,2
899,0,0
900,0,0
901,0,6
902,0,3
903,0,5
904,0,4
905,0,6
906,0,4
907,0,5
908,0,0
909,0,2
910,0,1
911,0,0
912,0,0
913,0,0
914,0,0
915,0,0
916,0,0
917,0,0
918,0,0
919,0,0
920,0,0
921,0,0
922,0,5
923,0,0
924,0,6
925,0,0
926,0,0
927,0,0
928,0,0
929,0,5
930,0,3
931,0,0
932,0,3
933,0,2
934,0,0
935,0,5
936,0,4
937,0,0
938,0,5
939,0,0
940,0,4
941,0,0
942,0,0
943,0,5
944,0,0
945,0,0
946,0,0
947,0,5
948,0,0
949,0,4
950,0,4
951,0,0
952,0,4
953,0,4
954,0,0
955,0,5
956,0,0
957,0,0
958,1,2
959,1,3
960,1,0
961,1,1
962,1,1
963,1,1
964,1,1
965,1,1
966,1,1
967,1,1
968,1,1
969,1,4
970,1,0
971,1,0
972,1,1
973,1,1
974,1,1
975,1,1
976,1,1
977,1,0
978,1,1
979,1,1
980,1,1
981,1,1
982,1,1
983,1,1
984,1,1
985,1,1
986,1,0
987,1,1
988,1,1
989,1,1
990,1,1
991,1,1
992,1,1
993,1,0
994,1,1
995,1,3
996,1,1
997,1,0
998,1,0
999,1,1
1000,1,0
1001,1,2
1002,1,3
1003,1,1
1004,1,1
1005,1,0
1006,1,0
1007,1,1
1008,1,0
1009,1,1
1010,1,5
1011,1,1
1012,1,1
1013,1,1
1014,1,1
1015,1,1
1016,1,1
1017,1,4
1018,1,1
1019,1,1
1020,1,1
1021,1,2
1022,1,1
1023,1,0
1024,1,5
1025,1,2
1026,1,0
1027,1,1
1028,1,5
1029,1,1
1030,1,1
1031,1,1
1032,1,0
1033,1,1
1034,1,0
1035,1,0
1036,1,1
1037,1,0
1038,1,0
1039,1,1
1040,1,1
1041,1,1
1042,1,4
1043,1,5
1044,1,0
1045,1,1
1046,1,1
1047,1,1
1048,1,1
1049,1,0
1050,1,1
1051,1,1
1052,1,1
1053,1,1
1054,1,0
1055,1,0
1056,1,1
1057,1,3
1058,1,1
1059,1,1
1060,1,1
1061,1,1
1062,1,1
1063,1,1
1064,1,0
1065,1,0
1066,1,5
1067,1,0
1068,1,1
1069,2,3
1070,2,5
1071,2,2
1072,2,3
1073,2,2
1074,2,2
1075,2,5
1076,2,2
1077,2,4
1078,2,0
1079,2,5
1080,2,2
1081,2,2
1082,2,5
1083,2,4
1084,2,6
1085,2,2
1086,2,4
1087,2,2
1088,2,3
1089,2,2
1090,2,2
1091,2,4
1092,2,5
1093,2,2
1094,2,6
1095,2,5
1096,2,4
1097,2,6
1098,2,5
1099,2,5
1100,2,6
1101,2,0
1102,2,5
1103,2,5
1104,2,0
1105,2,2
1106,2,4
1107,2,2
1108,2,5
1109,2,2
1110,2,0
1111,2,2
1112,2,1
1113,2,5
1114,2,2
1115,2,2
1116,2,5
1117,2,5
1118,2,0
1119,2,0
1120,2,5
1121,2,2
1122,2,0
1123,2,0
1124,2,4
1125,2,2
1126,2,5
1127,2,2
1128,2,6
1129,2,5
1130,2,6
1131,2,6
1132,2,2
1133,2,0
1134,2,5
1135,2,2
1136,2,0
1137,2,0
1138,2,2
1139,2,2
1140,2,6
1141,2,0
1142,2,2
1143,2,2
1144,2,0
1145,2,5
1146,2,0
1147,2,2
1148,2,0
1149,2,6
1150,2,3
1151,2,4
1152,2,5
1153,2,3
1154,2,2
1155,2,6
1156,2,0
1157,2,0
1158,2,2
1159,2,2
1160,2,4
1161,2,4
1162,2,5
1163,2,2
1164,2,2
1165,2,5
1166,2,4
1167,2,0
1168,2,2
1169,2,2
1170,2,5
1171,2,2
1172,2,5
1173,2,4
1174,2,6
1175,2,5
1176,2,4
1177,2,4
1178,2,0
1179,2,2
1180,2,2
1181,2,4
1182,2,5
1183,2,2
1184,2,2
1185,2,5
1186,2,0
1187,2,6
1188,2,2
1189,2,4
1190,2,6
1191,2,2
1192,2,4
1193,2,5
1194,2,6
1195,2,6
1196,2,2
1197,2,5
1198,2,5
1199,2,6
1200,2,2
1201,2,4
1202,2,6
1203,2,2
1204,2,2
1205,2,2
1206,2,2
1207,2,2
1208,2,2
1209,2,2
1210,2,2
1211,2,6
1212,2,4
1213,2,2
1214,2,2
1215,2,2
1216,2,2
1217,2,5
1218,2,2
1219,2,3
1220,2,5
1221,2,0
1222,2,2
1223,2,5
1224,2,4
1225,2,2
1226,2,2
1227,2,5
1228,2,0
1229,2,0
1230,2,6
1231,2,2
1232,2,5
1233,2,5
1234,2,3
1235,2,2
1236,2,2
1237,2,5
1238,2,2
1239,2,6
1240,2,0
1241,2,4
1242,2,0
1243,2,0
1244,2,5
1245,2,5
1246,2,5
1247,2,2
1248,2,5
1249,2,2
1250,2,4
1251,2,6
1252,2,6
1253,2,2
1254,2,5
1255,2,5
1256,2,2
1257,2,2
1258,2,4
1259,2,2
1260,2,3
1261,2,6
1262,2,0
1263,2,2
1264,2,6
1265,2,2
1266,2,4
1267,2,3
1268,2,2
1269,2,4
1270,2,5
1271,2,0
1272,2,2
1273,2,5
1274,2,0
1275,2,2
1276,2,2
1277,2,5
1278,2,2
1279,2,4
1280,2,5
1281,2,6
1282,2,2
1283,2,5
1284,2,5
1285,2,5
1286,2,0
1287,2,2
1288,2,0
1289,2,6
1290,2,5
1291,2,2
1292,2,4
1293,2,0
1294,2,0
1295,2,0
1296,2,2
1297,2,2
1298,2,0
1299,2,2
1300,2,4
1301,2,5
1302,2,6
1303,2,0
1304,2,5
1305,2,0
1306,2,0
1307,2,2
1308,2,3
1309,2,5
1310,2,2
1311,2,2
1312,2,2
1313,2,5
1314,2,5
1315,2,6
1316,2,5
1317,2,5
1318,2,5
1319,2,0
1320,2,5
1321,2,5
1322,2,4
1323,2,0
1324,2,4
1325,2,2
1326,2,5
1327,2,6
1328,2,3
1329,2,3
1330,2,0
1331,2,0
1332,2,6
1333,2,5
1334,2,2
1335,2,2
1336,2,5
1337,2,2
1338,2,5
1339,2,0
1340,2,5
1341,2,5
1342,2,2
1343,2,2
1344,2,2
1345,2,5
1346,2,0
1347,2,4
1348,2,5
1349,2,5
1350,2,0
1351,2,6
1352,2,0
1353,2,2
1354,2,0
1355,2,2
1356,2,2
1357,2,6
1358,2,6
1359,2,5
1360,2,2
1361,2,3
1362,2,2
1363,2,6
1364,2,5
1365,2,0
1366,2,6
1367,2,4
1368,2,5
1369,2,5
1370,2,0
1371,2,4
1372,2,2
1373,2,5
1374,2,5
1375,2,5
1376,2,2
1377,2,5
1378,2,4
1379,2,0
1380,2,2
1381,2,3
1382,2,0
1383,2,4
1384,2,5
1385,2,5
1386,2,2
1387,2,5
1388,2,4
1389,2,2
1390,2,0
1391,2,5
1392,2,5
1393,2,5
1394,2,0
1395,2,5
1396,2,2
1397,2,0
1398,2,0
1399,2,2
1400,2,0
1401,2,6
1402,2,2
1403,2,6
1404,2,2
1405,2,6
1406,2,2
1407,2,5
1408,2,2
1409,2,4
1410,2,2
1411,2,6
1412,2,2
1413,2,6
1414,2,2
1415,2,5
1416,2,2
1417,2,3
1418,2,6
1419,2,2
1420,2,5
1421,2,2
1422,2,0
1423,2,5
1424,2,2
1425,2,6
1426,2,6
1427,2,0
1428,2,6
1429,2,4
1430,2,5
1431,2,5
1432,2,5
1433,2,5
1434,2,5
1435,2,5
1436,2,2
1437,2,5
1438,2,2
1439,2,4
1440,2,0
1441,2,2
1442,2,6
1443,2,0
1444,2,5
1445,2,4
1446,2,5
1447,2,4
1448,2,0
1449,2,6
1450,2,0
1451,2,2
1452,2,3
1453,2,2
1454,2,2
1455,2,2
1456,2,5
1457,2,2
1458,2,2
1459,2,2
1460,2,0
1461,2,2
1462,2,2
1463,2,0
1464,2,2
1465,2,5
1466,2,5
1467,2,4
1468,2,2
1469,2,5
1470,2,0
1471,2,5
1472,2,4
1473,2,5
1474,2,2
1475,2,2
1476,2,2
1477,2,2
1478,2,6
1479,2,2
1480,2,5
1481,2,2
1482,2,5
1483,2,5
1484,2,5
1485,2,5
1486,2,2
1487,2,0
1488,2,0
1489,2,5
1490,2,1
1491,2,4
1492,2,4
1493,2,2
1494,2,2
1495,2,3
1496,2,5
1497,2,5
1498,2,2
1499,2,4
1500,2,3
1501,2,5
1502,2,4
1503,2,4
1504,2,2
1505,2,4
1506,2,5
1507,2,2
1508,2,4
1509,2,3
1510,2,2
1511,2,2
1512,2,6
1513,2,3
1514,2,4
1515,2,2
1516,2,2
1517,2,2
1518,2,4
1519,2,6
1520,2,0
1521,2,4
1522,2,2
1523,2,0
1524,2,0
1525,2,4
1526,2,5
1527,2,2
1528,2,4
1529,2,5
1530,2,2
1531,2,4
1532,2,4
1533,2,0
1534,2,5
1535,2,2
1536,2,2
1537,2,0
1538,2,2
1539,2,6
1540,2,6
1541,2,6
1542,2,5
1543,2,2
1544,2,2
1545,2,4
1546,2,2
1547,2,0
1548,2,2
1549,2,2
1550,2,2
1551,2,5
1552,2,5
1553,2,3
1554,2,0
1555,2,2
1556,2,6
1557,2,2
1558,2,0
1559,2,6
1560,2,5
1561,2,5
1562,2,4
1563,2,2
1564,2,4
1565,2,2
1566,2,2
1567,2,5
1568,2,2
1569,2,4
1570,2,5
1571,2,5
1572,2,5
1573,2,0
1574,2,3
1575,2,0
1576,2,5
1577,2,0
1578,2,4
1579,2,6
1580,2,0
1581,2,5
1582,2,2
1583,2,2
1584,2,2
1585,2,5
1586,2,0
1587,2,0
1588,2,0
1589,2,5
1590,2,6
1591,2,5
1592,2,6
1593,2,0
1594,2,0
1595,2,6
1596,2,5
1597,2,4
1598,2,4
1599,2,5
1600,2,3
1601,2,0
1602,2,2
1603,2,2
1604,2,2
1605,2,2
1606,2,2
1607,2,4
1608,2,2
1609,2,6
1610,2,4
1611,2,5
1612,2,5
1613,2,4
1614,2,2
1615,2,2
1616,2,2
1617,2,0
1618,2,6
1619,2,6
1620,2,2
1621,2,4
1622,2,0
1623,2,0
1624,2,5
1625,2,4
1626,2,5
1627,2,2
1628,2,5
1629,2,5
1630,2,2
1631,2,4
1632,2,5
1633,2,2
1634,2,2
1635,2,5
1636,2,5
1637,2,5
1638,2,5
1639,2,2
1640,2,2
1641,2,2
1642,2,3
1643,2,5
1644,2,3
1645,2,5
1646,2,2
1647,2,6
1648,2,6
1649,2,2
1650,2,4
1651,2,5
1652,2,6
1653,2,4
1654,2,0
1655,2,2
1656,2,0
1657,2,4
1658,2,4
1659,2,6
1660,2,0
1661,2,3
1662,2,2
1663,2,3
1664,2,6
1665,2,3
1666,2,2
1667,2,2
1668,2,2
1669,2,2
1670,2,2
1671,2,2
1672,2,0
1673,2,5
1674,2,0
1675,2,0
1676,2,2
1677,2,2
1678,2,0
1679,2,2
1680,2,5
1681,2,2
1682,2,5
1683,2,5
1684,2,5
1685,2,3
1686,2,5
1687,2,5
1688,2,4
1689,2,5
1690,2,5
1691,2,3
1692,2,5
1693,2,2
1694,2,0
1695,2,5
1696,2,0
1697,2,2
1698,2,5
1699,2,2
1700,2,6
1701,2,0
1702,2,2
1703,2,0
1704,2,3
1705,2,2
1706,2,2
1707,2,3
1708,2,5
1709,2,2
1710,2,2
1711,2,4
1712,2,4
1713,2,4
1714,2,6
1715,2,5
1716,2,2
1717,2,2
1718,2,2
1719,2,2
1720,2,2
1721,2,2
1722,2,6
1723,2,2
1724,2,6
1725,2,2
1726,2,6
1727,2,3
1728,2,2
1729,2,2
1730,2,4
1731,2,5
1732,2,5
1733,2,0
1734,2,5
1735,2,5
1736,2,5
1737,2,0
1738,2,4
1739,2,2
1740,2,2
1741,2,4
1742,2,3
1743,2,2
1744,2,6
1745,2,2
1746,2,4
1747,2,4
1748,2,5
1749,2,4
1750,2,6
1751,2,6
1752,2,6
1753,2,2
1754,2,5
1755,2,6
1756,2,2
1757,2,6
1758,2,2
1759,2,2
1760,2,5
1761,2,3
1762,2,2
1763,2,5
1764,2,4
1765,2,0
1766,2,0
1767,2,5
1768,2,4
1769,2,6
1770,2,5
1771,2,2
1772,2,5
1773,2,6
1774,2,5
1775,2,5
1776,2,3
1777,2,2
1778,2,5
1779,2,2
1780,2,6
1781,2,5
1782,2,5
1783,2,2
1784,2,5
1785,2,2
1786,2,0
1787,2,5
1788,2,6
1789,2,3
1790,2,5
1791,2,0
1792,2,5
1793,2,6
1794,2,5
1795,2,2
1796,2,0
1797,2,2
1798,2,2
1799,2,5
1800,2,5
1801,2,4
1802,2,6
1803,2,2
1804,2,2
1805,2,4
1806,2,0
1807,2,5
1808,2,5
1809,2,4
1810,2,5
1811,2,2
1812,2,4
1813,2,6
1814,2,5
1815,2,5
1816,2,4
1817,2,4
1818,2,6
1819,2,5
1820,2,6
1821,2,6
1822,2,6
1823,2,5
1824,2,0
1825,2,2
1826,2,6
1827,2,2
1828,2,2
1829,2,5
1830,2,2
1831,2,0
1832,2,0
1833,2,5
1834,2,0
1835,2,2
1836,2,2
1837,2,2
1838,2,0
1839,2,6
1840,2,2
1841,2,0
1842,2,4
1843,2,4
1844,2,2
1845,2,0
1846,2,2
1847,2,6
1848,2,4
1849,2,3
1850,2,0
1851,2,5
1852,2,2
1853,2,2
1854,2,5
1855,2,2
1856,2,4
1857,2,4
1858,2,2
1859,2,6
1860,2,4
1861,2,4
1862,2,2
1863,2,5
1864,2,5
1865,2,5
1866,2,4
1867,2,2
1868,2,0
1869,2,5
1870,2,4
1871,2,0
1872,2,2
1873,2,2
1874,2,3
1875,2,0
1876,2,2
1877,2,2
1878,2,6
1879,2,2
1880,2,5
1881,2,5
1882,2,5
1883,2,2
1884,2,6
1885,2,5
1886,2,5
1887,2,2
1888,2,2
1889,2,2
1890,2,2
1891,2,2
1892,2,2
1893,2,2
1894,2,4
1895,2,2
1896,2,5
1897,2,5
1898,2,2
1899,2,2
1900,2,4
1901,2,0
1902,2,5
1903,2,2
1904,2,2
1905,2,5
1906,2,0
1907,2,2
1908,2,2
1909,2,2
1910,2,5
1911,2,5
1912,2,5
1913,2,6
1914,2,2
1915,2,3
1916,2,2
1917,2,4
1918,2,6
1919,2,5
1920,2,2
1921,2,2
1922,2,5
1923,2,4
1924,2,2
1925,2,4
1926,2,2
1927,2,2
1928,2,5
1929,2,4
1930,2,4
1931,2,5
1932,2,0
1933,2,5
1934,2,2
1935,2,5
1936,2,2
1937,2,5
1938,2,2
1939,2,2
1940,2,2
1941,2,0
1942,2,2
1943,2,6
1944,2,5
1945,2,5
1946,2,2
1947,2,0
1948,2,5
1949,2,2
1950,2,4
1951,2,5
1952,2,6
1953,2,2
1954,2,5
1955,2,5
1956,2,4
1957,2,0
1958,2,5
1959,2,5
1960,2,6
1961,2,0
1962,2,4
1963,2,5
1964,2,4
1965,2,5
1966,2,2
1967,2,2
1968,2,6
1969,2,6
1970,2,5
1971,2,5
1972,2,4
1973,2,4
1974,2,2
1975,2,0
1976,2,5
1977,2,2
1978,2,2
1979,2,2
1980,2,2
1981,2,5
1982,2,0
1983,2,5
1984,2,4
1985,2,2
1986,2,6
1987,2,2
1988,2,5
1989,2,4
1990,2,2
1991,2,2
1992,2,2
1993,2,2
1994,2,5
1995,2,6
1996,2,2
1997,2,5
1998,2,2
1999,2,0
2000,2,0
2001,2,0
2002,2,2
2003,2,2
2004,2,0
2005,2,2
2006,2,2
2007,2,6
2008,2,5
2009,2,5
2010,2,4
2011,2,5
2012,2,2
2013,2,5
2014,2,6
2015,2,0
2016,2,2
2017,2,2
2018,2,2
2019,2,2
2020,2,3
2021,2,5
2022,2,2
2023,2,5
2024,2,5
2025,2,6
2026,2,6
2027,2,6
2028,2,2
2029,2,5
2030,2,5
2031,2,0
2032,2,2
2033,2,5
2034,2,0
2035,2,6
2036,2,2
2037,2,2
2038,2,2
2039,2,5
2040,2,5
2041,2,0
2042,2,4
2043,2,2
2044,2,4
2045,2,2
2046,2,2
2047,2,5
2048,2,4
2049,2,2
2050,2,2
2051,2,2
2052,2,2
2053,2,2
2054,2,4
2055,2,2
2056,2,2
2057,2,3
2058,2,4
2059,2,5
2060,2,6
2061,2,2
2062,2,6
2063,2,6
2064,2,2
2065,2,3
2066,2,3
2067,2,5
2068,2,2
2069,2,6
2070,2,2
2071,2,2
2072,2,5
2073,2,5
2074,2,5
2075,2,5
2076,2,2
2077,2,4
2078,2,3
2079,2,0
2080,2,2
2081,2,4
2082,2,5
2083,2,5
2084,2,0
2085,2,6
2086,2,5
2087,2,5
2088,2,5
2089,2,2
2090,2,4
2091,2,4
2092,2,2
2093,3,3
2094,3,3
2095,3,3
2096,3,3
2097,3,3
2098,3,3
2099,3,3
2100,3,3
2101,3,3
2102,3,4
2103,3,3
2104,3,3
2105,3,3
2106,3,4
2107,3,3
2108,3,3
2109,3,3
2110,3,3
2111,3,3
2112,3,3
2113,3,3
2114,3,3
2115,3,3
2116,3,3
2117,3,3
2118,3,3
2119,3,3
2120,3,3
2121,3,3
2122,3,3
2123,3,3
2124,3,3
2125,3,3
2126,3,3
2127,3,3
2128,3,3
2129,3,3
2130,3,3
2131,3,3
2132,3,3
2133,3,3
2134,3,3
2135,3,3
2136,3,3
2137,3,3
2138,3,4
2139,3,3
2140,3,3
2141,3,3
2142,3,3
2143,3,3
2144,3,3
2145,3,3
2146,3,3
2147,3,3
2148,3,3
2149,3,3
2150,3,3
2151,3,3
2152,3,3
2153,3,3
2154,3,0
2155,3,3
2156,3,3
2157,3,3
2158,3,3
2159,3,3
2160,3,3
2161,3,3
2162,3,3
2163,3,3
2164,3,4
2165,3,3
2166,3,3
2167,3,6
2168,3,3
2169,3,3
2170,3,3
2171,3,3
2172,3,3
2173,3,3
2174,3,3
2175,3,3
2176,3,3
2177,3,3
2178,3,3
2179,3,3
2180,3,3
2181,3,3
2182,3,3
2183,3,3
2184,3,3
2185,3,3
2186,3,3
2187,3,3
2188,3,3
2189,3,3
2190,3,3
2191,3,3
2192,3,3
2193,3,3
2194,3,4
2195,3,3
2196,3,3
2197,3,3
2198,3,3
2199,3,3
2200,3,3
2201,3,5
2202,3,3
2203,3,4
2204,3,3
2205,3,3
2206,3,0
2207,3,3
2208,3,3
2209,3,3
2210,3,3
2211,3,3
2212,3,3
2213,3,3
2214,3,5
2215,3,6
2216,3,3
2217,3,3
2218,3,3
2219,3,3
2220,3,3
2221,3,3
2222,3,3
2223,3,3
2224,3,3
2225,3,3
2226,3,3
2227,3,3
2228,3,3
2229,3,3
2230,3,0
2231,3,5
2232,3,3
2233,3,3
2234,3,3
2235,3,0
2236,3,3
2237,3,3
2238,3,3
2239,3,3
2240,3,3
2241,3,3
2242,3,3
2243,3,3
2244,3,3
2245,3,3
2246,3,3
2247,3,3
2248,3,3
2249,3,3
2250,3,5
2251,3,3
2252,3,3
2253,3,3
2254,3,3
2255,3,3
2256,3,3
2257,3,3
2258,3,3
2259,3,3
2260,3,3
2261,3,3
2262,3,3
2263,3,3
2264,3,3
2265,3,3
2266,3,3
2267,3,3
2268,3,3
2269,3,3
2270,3,3
2271,3,3
2272,3,2
2273,3,3
2274,3,3
2275,3,3
2276,3,3
2277,3,3
2278,3,3
2279,3,3
2280,3,3
2281,3,3
2282,3,3
2283,3,3
2284,3,5
2285,3,3
2286,3,3
2287,3,3
2288,3,3
2289,3,3
2290,3,3
2291,3,3
2292,3,3
2293,3,3
2294,3,3
2295,3,3
2296,3,3
2297,3,0
2298,3,3
2299,3,3
2300,3,0
2301,3,4
2302,3,3
2303,3,3
2304,3,5
2305,3,3
2306,3,3
2307,3,3
2308,3,3
2309,3,3
2310,3,3
2311,3,3
2312,3,3
2313,3,3
2314,3,3
2315,3,3
2316,3,3
2317,3,3
2318,3,3
2319,3,3
2320,3,3
2321,3,3
2322,3,3
2323,3,4
2324,3,3
2325,3,3
2326,3,3
2327,3,3
2328,3,3
2329,3,3
2330,3,0
2331,3,3
2332,3,3
2333,3,3
2334,3,3
2335,3,3
2336,3,3
2337,3,3
2338,3,3
2339,3,3
2340,3,3
2341,3,3
2342,3,3
2343,3,3
2344,3,3
2345,3,3
2346,3,3
2347,3,3
2348,3,3
2349,3,3
2350,3,3
2351,3,3
2352,3,3
2353,3,3
2354,3,3
2355,3,5
2356,3,3
2357,3,3
2358,3,3
2359,3,3
2360,3,4
2361,3,3
2362,3,3
2363,3,3
2364,3,3
2365,3,3
2366,3,3
2367,3,4
2368,3,5
2369,3,3
2370,3,3
2371,3,3
2372,3,3
2373,3,3
2374,3,4
2375,3,3
2376,3,3
2377,3,4
2378,3,3
2379,3,3
2380,3,4
2381,3,3
2382,3,3
2383,3,3
2384,3,3
2385,3,3
2386,3,3
2387,3,3
2388,3,3
2389,3,3
2390,3,3
2391,3,3
2392,3,3
2393,3,3
2394,3,3
2395,3,3
2396,3,3
2397,3,3
2398,3,3
2399,3,3
2400,3,3
2401,3,6
2402,3,4
2403,3,3
2404,3,3
2405,3,3
2406,3,3
2407,3,3
2408,3,3
2409,3,3
2410,3,3
2411,3,3
2412,3,3
2413,3,3
2414,3,3
2415,3,3
2416,3,3
2417,3,3
2418,3,3
2419,3,3
2420,3,3
2421,3,3
2422,3,3
2423,3,3
2424,3,3
2425,3,5
2426,3,3
2427,3,3
2428,3,3
2429,3,3
2430,3,3
2431,3,3
2432,3,3
2433,3,3
2434,3,3
2435,3,0
2436,3,3
2437,3,3
2438,3,4
2439,3,0
2440,3,3
2441,3,3
2442,3,5
2443,3,3
2444,3,3
2445,3,3
2446,3,3
2447,3,3
2448,3,3
2449,3,3
2450,3,3
2451,3,3
2452,3,3
2453,3,3
2454,3,3
2455,3,3
2456,3,3
2457,3,3
2458,3,3
2459,3,3
2460,3,3
2461,3,3
2462,3,3
2463,3,3
2464,3,3
2465,3,3
2466,3,3
2467,3,3
2468,3,3
2469,3,3
2470,3,3
2471,3,3
2472,3,3
2473,3,3
2474,3,3
2475,3,3
2476,3,3
2477,3,3
2478,3,3
2479,3,3
2480,3,3
2481,3,3
2482,3,3
2483,3,3
2484,3,3
2485,3,5
2486,3,4
2487,3,3
2488,3,3
2489,3,3
2490,3,3
2491,3,3
2492,3,3
2493,3,3
2494,3,3
2495,3,3
2496,3,3
2497,3,5
2498,3,3
2499,3,4
2500,3,0
2501,3,3
2502,3,3
2503,3,4
2504,3,3
2505,3,3
2506,3,3
2507,3,3
2508,3,3
2509,3,3
2510,3,3
2511,3,3
2512,3,3
2513,3,3
2514,3,3
2515,3,3
2516,3,3
2517,3,3
2518,3,3
2519,3,3
2520,3,3
2521,3,4
2522,3,3
2523,3,3
2524,3,2
2525,3,3
2526,3,3
2527,3,3
2528,3,3
2529,3,3
2530,3,3
2531,3,3
2532,3,4
2533,3,3
2534,3,3
2535,3,3
2536,3,3
2537,3,3
2538,3,3
2539,3,3
2540,3,3
2541,3,0
2542,3,3
2543,3,3
2544,3,3
2545,3,3
2546,3,3
2547,3,5
2548,3,3
2549,3,3
2550,3,3
2551,3,3
2552,3,3
2553,3,3
2554,3,3
2555,3,3
2556,3,3
2557,3,3
2558,3,0
2559,3,3
2560,3,3
2561,3,4
2562,3,3
2563,3,3
2564,3,3
2565,3,3
2566,3,3
2567,3,4
2568,3,3
2569,3,4
2570,3,3
2571,3,4
2572,3,4
2573,3,3
2574,3,3
2575,3,3
2576,3,3
2577,3,3
2578,3,3
2579,3,3
2580,3,3
2581,3,3
2582,3,3
2583,3,3
2584,3,3
2585,3,3
2586,3,3
2587,3,3
2588,3,3
2589,3,3
2590,3,3
2591,3,4
2592,3,3
2593,3,3
2594,3,2
2595,3,3
2596,3,3
2597,3,0
2598,3,3
2599,3,3
2600,3,3
2601,3,3
2602,3,3
2603,3,3
2604,3,3
2605,3,3
2606,3,3
2607,3,3
2608,3,3
2609,3,3
2610,3,3
2611,3,3
2612,3,3
2613,3,3
2614,3,3
2615,3,0
2616,3,3
2617,3,3
2618,3,3
2619,3,3
2620,3,3
2621,3,6
2622,3,6
2623,3,3
2624,3,3
2625,3,3
2626,3,3
2627,3,3
2628,3,3
2629,3,3
2630,3,3
2631,3,3
2632,3,3
2633,3,3
2634,3,6
2635,3,3
2636,3,3
2637,3,3
2638,3,3
2639,3,3
2640,3,3
2641,3,3
2642,3,3
2643,3,3
2644,3,3
2645,3,3
2646,3,3
2647,3,3
2648,3,4
2649,3,4
2650,3,3
2651,3,3
2652,3,3
2653,3,3
2654,3,3
2655,3,3
2656,3,3
2657,3,3
2658,3,3
2659,3,3
2660,3,3
2661,3,3
2662,3,3
2663,3,5
2664,3,3
2665,3,3
2666,3,3
2667,3,3
2668,3,3
2669,3,3
2670,3,3
2671,3,3
2672,3,4
2673,3,3
2674,3,3
2675,3,3
2676,3,3
2677,3,3
2678,3,3
2679,3,3
2680,3,3
2681,3,3
2682,3,3
2683,3,3
2684,3,3
2685,3,3
2686,3,3
2687,3,3
2688,3,0
2689,3,3
2690,3,3
2691,3,3
2692,3,3
2693,3,3
2694,3,3
2695,3,3
2696,3,3
2697,3,3
2698,3,3
2699,3,3
2700,3,3
2701,3,3
2702,3,3
2703,3,3
2704,3,3
2705,3,3
2706,3,3
2707,3,4
2708,3,3
2709,3,5
2710,3,3
2711,3,3
2712,3,3
2713,3,3
2714,3,3
2715,3,3
2716,3,3
2717,3,2
2718,3,3
2719,3,3
2720,3,3
2721,3,3
2722,3,3
2723,3,2
2724,3,3
2725,3,3
2726,3,3
2727,3,3
2728,3,3
2729,3,3
2730,3,5
2731,3,3
2732,3,3
2733,3,3
2734,3,3
2735,3,3
2736,3,3
2737,3,3
2738,3,3
2739,3,3
2740,3,3
2741,3,3
2742,3,3
2743,3,3
2744,3,5
2745,3,3
2746,3,4
2747,3,3
2748,3,2
2749,3,3
2750,3,3
2751,3,3
2752,3,3
2753,3,3
2754,3,3
2755,3,3
2756,3,3
2757,3,3
2758,3,3
2759,3,3
2760,3,3
2761,3,3
2762,3,3
2763,3,3
2764,3,3
2765,3,3
2766,3,3
2767,3,5
2768,3,3
2769,3,3
2770,3,3
2771,3,3
2772,3,3
2773,3,3
2774,3,4
2775,3,3
2776,3,3
2777,3,2
2778,3,3
2779,3,3
2780,3,3
2781,3,3
2782,3,3
2783,3,3
2784,3,3
2785,3,3
2786,3,3
2787,3,3
2788,3,3
2789,3,3
2790,3,3
2791,3,3
2792,3,5
2793,3,3
2794,3,3
2795,3,3
2796,3,3
2797,3,3
2798,3,3
2799,3,3
2800,3,2
2801,3,3
2802,3,3
2803,3,3
2804,3,3
2805,3,5
2806,3,3
2807,3,3
2808,3,3
2809,3,3
2810,3,3
2811,3,3
2812,3,6
2813,3,3
2814,3,3
2815,3,3
2816,3,3
2817,3,3
2818,3,6
2819,3,3
2820,3,3
2821,3,3
2822,3,3
2823,3,3
2824,3,3
2825,3,3
2826,3,3
2827,3,3
2828,3,3
2829,3,3
2830,3,3
2831,3,3
2832,3,3
2833,3,3
2834,3,3
2835,3,3
2836,3,3
2837,3,3
2838,3,3
2839,3,3
2840,3,3
2841,3,3
2842,3,3
2843,3,6
2844,3,3
2845,3,3
2846,3,3
2847,3,3
2848,3,3
2849,3,3
2850,3,3
2851,3,3
2852,3,3
2853,3,3
2854,3,3
2855,3,5
2856,3,3
2857,3,3
2858,3,3
2859,3,5
2860,3,3
2861,3,3
2862,3,3
2863,3,3
2864,3,3
2865,3,3
2866,3,3
2867,3,3
2868,3,3
2869,3,3
2870,3,3
2871,3,3
2872,3,3
2873,3,3
2874,3,3
2875,3,3
2876,3,3
2877,3,3
2878,3,3
2879,3,3
2880,3,6
2881,3,3
2882,3,3
2883,3,3
2884,3,3
2885,3,5
2886,3,3
2887,3,3
2888,3,3
2889,3,3
2890,3,3
2891,3,3
2892,3,3
2893,3,3
2894,3,3
2895,3,3
2896,3,3
2897,3,3
2898,3,5
2899,3,3
2900,3,3
2901,3,3
2902,3,3
2903,3,3
2904,3,3
2905,3,3
2906,3,3
2907,3,3
2908,3,3
2909,3,3
2910,3,3
2911,3,3
2912,3,4
2913,3,3
2914,3,3
2915,3,3
2916,3,3
2917,3,3
2918,3,3
2919,3,3
2920,3,3
2921,3,3
2922,3,3
2923,3,3
2924,3,3
2925,3,3
2926,3,3
2927,3,3
2928,3,4
2929,3,3
2930,3,3
2931,3,3
2932,3,3
2933,3,3
2934,3,3
2935,3,3
2936,3,3
2937,3,3
2938,3,3
2939,3,3
2940,3,3
2941,3,3
2942,3,3
2943,3,3
2944,3,3
2945,3,3
2946,3,3
2947,3,3
2948,3,3
2949,3,3
2950,3,3
2951,3,3
2952,3,3
2953,3,3
2954,3,3
2955,3,3
2956,3,3
2957,3,3
2958,3,3
2959,3,3
2960,3,3
2961,3,3
2962,3,3
2963,3,3
2964,3,3
2965,3,3
2966,3,3
2967,3,3
2968,3,3
2969,3,3
2970,3,3
2971,3,5
2972,3,3
2973,3,3
2974,3,3
2975,3,3
2976,3,4
2977,3,3
2978,3,3
2979,3,4
2980,3,3
2981,3,3
2982,3,3
2983,3,3
2984,3,3
2985,3,5
2986,3,6
2987,3,3
2988,3,3
2989,3,3
2990,3,3
2991,3,3
2992,3,3
2993,3,4
2994,3,3
2995,3,4
2996,3,3
2997,3,3
2998,3,3
2999,3,3
3000,3,3
3001,3,3
3002,3,3
3003,3,3
3004,3,3
3005,3,3
3006,3,3
3007,3,3
3008,3,3
3009,3,3
3010,3,0
3011,3,3
3012,3,3
3013,3,3
3014,3,3
3015,3,3
3016,3,4
3017,3,3
3018,3,3
3019,3,3
3020,3,3
3021,3,3
3022,3,3
3023,3,4
3024,3,3
3025,3,3
3026,3,3
3027,3,3
3028,3,3
3029,3,3
3030,3,3
3031,3,3
3032,3,3
3033,3,3
3034,3,0
3035,3,3
3036,3,3
3037,3,3
3038,3,4
3039,3,3
3040,3,3
3041,3,3
3042,3,3
3043,3,3
3044,3,3
3045,3,3
3046,3,3
3047,3,3
3048,3,3
3049,3,6
3050,3,5
3051,3,3
3052,3,3
3053,3,3
3054,3,3
3055,3,3
3056,3,5
3057,3,3
3058,3,3
3059,3,3
3060,3,3
3061,3,3
3062,3,3
3063,3,3
3064,3,3
3065,3,3
3066,3,3
3067,3,3
3068,3,3
3069,3,3
3070,3,3
3071,3,3
3072,3,3
3073,3,3
3074,3,4
3075,3,3
3076,3,3
3077,3,3
3078,3,3
3079,3,3
3080,3,3
3081,3,3
3082,3,3
3083,3,3
3084,3,0
3085,3,5
3086,3,3
3087,3,3
3088,3,3
3089,3,3
3090,3,3
3091,3,3
3092,3,3
3093,3,3
3094,3,3
3095,3,5
3096,3,3
3097,3,3
3098,3,3
3099,3,3
3100,3,3
3101,3,3
3102,3,3
3103,3,3
3104,3,3
3105,3,3
3106,3,3
3107,3,3
3108,3,3
3109,3,3
3110,3,3
3111,3,5
3112,3,3
3113,3,3
3114,3,3
3115,3,3
3116,3,3
3117,3,3
3118,3,3
3119,3,3
3120,3,3
3121,3,3
3122,3,3
3123,3,3
3124,3,3
3125,3,3
3126,3,3
3127,3,3
3128,3,3
3129,3,3
3130,3,3
3131,3,3
3132,3,3
3133,3,3
3134,3,3
3135,3,4
3136,3,3
3137,3,3
3138,3,3
3139,3,3
3140,3,3
3141,3,3
3142,3,3
3143,3,3
3144,3,5
3145,3,3
3146,3,3
3147,3,3
3148,3,3
3149,3,3
3150,3,3
3151,3,3
3152,3,6
3153,3,3
3154,3,3
3155,3,3
3156,3,3
3157,3,3
3158,3,3
3159,3,3
3160,3,3
3161,3,3
3162,3,3
3163,3,3
3164,3,3
3165,3,3
3166,3,3
3167,3,3
3168,3,3
3169,3,4
3170,3,4
3171,3,3
3172,3,3
3173,3,3
3174,3,3
3175,3,3
3176,3,3
3177,3,0
3178,3,3
3179,3,4
3180,3,3
3181,3,3
3182,3,3
3183,3,3
3184,3,3
3185,3,3
3186,3,3
3187,3,3
3188,3,3
3189,3,3
3190,3,3
3191,3,3
3192,3,3
3193,3,3
3194,3,3
3195,3,4
3196,3,3
3197,3,6
3198,3,3
3199,3,3
3200,3,3
3201,3,3
3202,3,3
3203,3,3
3204,3,3
3205,3,3
3206,3,3
3207,3,2
3208,3,3
3209,3,3
3210,3,3
3211,3,3
3212,3,3
3213,3,3
3214,3,4
3215,3,3
3216,3,3
3217,3,4
3218,3,3
3219,3,3
3220,3,3
3221,3,3
3222,3,3
3223,3,3
3224,3,3
3225,3,3
3226,3,3
3227,3,3
3228,3,3
3229,3,3
3230,3,3
3231,3,3
3232,3,3
3233,3,3
3234,3,3
3235,3,3
3236,3,3
3237,3,3
3238,3,3
3239,3,3
3240,3,3
3241,3,3
3242,3,3
3243,3,3
3244,3,3
3245,3,3
3246,3,3
3247,3,3
3248,3,3
3249,3,3
3250,3,3
3251,3,3
3252,3,3
3253,3,3
3254,3,3
3255,3,3
3256,3,3
3257,3,3
3258,3,4
3259,3,3
3260,3,3
3261,3,3
3262,3,3
3263,3,3
3264,3,3
3265,3,3
3266,3,3
3267,3,3
3268,3,3
3269,3,3
3270,3,3
3271,3,3
3272,3,3
3273,3,3
3274,3,3
3275,3,3
3276,3,0
3277,3,3
3278,3,6
3279,3,4
3280,3,3
3281,3,5
3282,3,3
3283,3,3
3284,3,3
3285,3,3
3286,3,4
3287,3,3
3288,3,3
3289,3,3
3290,3,3
3291,3,0
3292,3,4
3293,3,3
3294,3,3
3295,3,3
3296,3,3
3297,3,3
3298,3,3
3299,3,3
3300,3,3
3301,3,3
3302,3,3
3303,3,3
3304,3,3
3305,3,3
3306,3,3
3307,3,3
3308,3,3
3309,3,3
3310,3,3
3311,3,3
3312,3,3
3313,3,3
3314,3,3
3315,3,3
3316,3,3
3317,3,3
3318,3,4
3319,3,3
3320,3,3
3321,3,3
3322,3,3
3323,3,3
3324,3,0
3325,3,3
3326,3,3
3327,3,3
3328,3,3
3329,3,3
3330,3,3
3331,3,3
3332,3,3
3333,3,3
3334,3,3
3335,3,3
3336,3,3
3337,3,3
3338,3,3
3339,3,3
3340,3,3
3341,3,3
3342,3,3
3343,3,6
3344,3,3
3345,3,6
3346,3,3
3347,3,4
3348,3,3
3349,3,3
3350,3,3
3351,3,3
3352,3,3
3353,3,3
3354,3,3
3355,3,3
3356,3,3
3357,3,3
3358,3,3
3359,3,3
3360,3,0
3361,3,4
3362,3,5
3363,3,3
3364,3,3
3365,3,3
3366,3,3
3367,3,3
3368,3,3
3369,3,6
3370,3,3
3371,3,3
3372,3,3
3373,3,5
3374,3,3
3375,3,3
3376,3,3
3377,3,3
3378,3,3
3379,3,3
3380,3,3
3381,3,3
3382,3,3
3383,3,3
3384,3,3
3385,3,3
3386,3,3
3387,3,3
3388,3,3
3389,3,3
3390,3,3
3391,3,3
3392,3,3
3393,3,3
3394,3,3
3395,3,4
3396,3,3
3397,3,3
3398,3,3
3399,3,3
3400,3,3
3401,3,3
3402,3,3
3403,3,3
3404,3,3
3405,3,3
3406,3,4
3407,3,3
3408,3,3
3409,3,4
3410,3,3
3411,3,3
3412,3,3
3413,3,3
3414,3,3
3415,3,3
3416,3,3
3417,3,3
3418,3,3
3419,3,3
3420,3,3
3421,3,3
3422,3,3
3423,3,3
3424,3,3
3425,3,3
3426,3,3
3427,3,0
3428,3,0
3429,3,3
3430,3,3
3431,3,4
3432,3,3
3433,3,4
3434,3,3
3435,3,4
3436,3,3
3437,3,3
3438,3,3
3439,3,4
3440,3,3
3441,3,3
3442,3,3
3443,3,3
3444,3,3
3445,3,3
3446,3,3
3447,3,3
3448,3,3
3449,3,3
3450,3,3
3451,3,3
3452,3,3
3453,3,3
3454,3,3
3455,3,4
3456,3,3
3457,3,3
3458,3,0
3459,3,3
3460,3,3
3461,3,3
3462,3,3
3463,3,3
3464,3,3
3465,3,3
3466,3,3
3467,3,3
3468,3,3
3469,3,3
3470,3,3
3471,3,3
3472,3,3
3473,3,3
3474,3,3
3475,3,3
3476,3,3
3477,3,3
3478,3,2
3479,3,3
3480,3,3
3481,3,3
3482,3,3
3483,3,3
3484,3,3
3485,3,3
3486,3,3
3487,3,5
3488,3,0
3489,3,3
3490,3,3
3491,3,3
3492,3,3
3493,3,4
3494,3,3
3495,3,4
3496,3,3
3497,3,3
3498,3,4
3499,3,3
3500,3,3
3501,3,3
3502,3,3
3503,3,3
3504,3,3
3505,3,3
3506,3,3
3507,3,3
3508,3,3
3509,3,3
3510,3,3
3511,3,3
3512,3,3
3513,3,4
3514,3,3
3515,3,3
3516,3,3
3517,3,3
3518,3,4
3519,3,3
3520,3,3
3521,3,3
3522,3,3
3523,3,3
3524,3,3
3525,3,3
3526,3,3
3527,3,3
3528,3,3
3529,3,3
3530,3,3
3531,3,3
3532,3,3
3533,3,3
3534,3,3
3535,3,3
3536,3,3
3537,3,4
3538,3,3
3539,3,3
3540,3,3
3541,3,3
3542,3,3
3543,3,3
3544,3,3
3545,3,6
3546,3,3
3547,3,3
3548,3,3
3549,3,3
3550,3,3
3551,3,5
3552,3,3
3553,3,3
3554,3,3
3555,3,4
3556,3,3
3557,3,3
3558,3,3
3559,3,3
3560,3,4
3561,3,3
3562,3,3
3563,3,3
3564,3,3
3565,3,3
3566,3,3
3567,3,2
3568,3,3
3569,3,4
3570,3,3
3571,3,3
3572,3,3
3573,3,3
3574,3,3
3575,3,3
3576,3,3
3577,3,3
3578,3,3
3579,3,3
3580,3,3
3581,3,3
3582,3,3
3583,3,3
3584,3,3
3585,3,3
3586,3,3
3587,3,3
3588,3,3
3589,3,3
3590,3,3
3591,3,3
3592,3,4
3593,3,3
3594,3,5
3595,3,3
3596,3,3
3597,3,3
3598,3,3
3599,3,3
3600,3,3
3601,3,3
3602,3,3
3603,3,3
3604,3,5
3605,3,3
3606,3,3
3607,3,3
3608,3,3
3609,3,3
3610,3,3
3611,3,3
3612,3,3
3613,3,3
3614,3,3
3615,3,4
3616,3,3
3617,3,3
3618,3,3
3619,3,3
3620,3,0
3621,3,3
3622,3,3
3623,3,3
3624,3,3
3625,3,3
3626,3,3
3627,3,3
3628,3,3
3629,3,3
3630,3,5
3631,3,3
3632,3,2
3633,3,3
3634,3,3
3635,3,3
3636,3,3
3637,3,3
3638,3,3
3639,3,3
3640,3,3
3641,3,3
3642,3,3
3643,3,3
3644,3,4
3645,3,3
3646,3,4
3647,3,3
3648,3,3
3649,3,6
3650,3,3
3651,3,3
3652,3,3
3653,3,3
3654,3,3
3655,3,4
3656,3,3
3657,3,3
3658,3,3
3659,3,3
3660,3,3
3661,3,3
3662,3,4
3663,3,3
3664,3,3
3665,3,3
3666,3,3
3667,3,3
3668,3,6
3669,3,3
3670,3,3
3671,3,3
3672,3,3
3673,3,3
3674,3,3
3675,3,3
3676,3,3
3677,3,3
3678,3,3
3679,3,3
3680,3,3
3681,3,3
3682,3,3
3683,3,3
3684,3,3
3685,3,3
3686,3,3
3687,3,3
3688,3,3
3689,3,3
3690,3,3
3691,3,3
3692,3,3
3693,3,3
3694,3,3
3695,3,3
3696,3,3
3697,3,3
3698,3,3
3699,3,3
3700,3,3
3701,3,3
3702,3,3
3703,3,3
3704,3,5
3705,3,3
3706,3,3
3707,3,3
3708,3,3
3709,3,3
3710,3,3
3711,3,3
3712,3,3
3713,3,3
3714,3,3
3715,3,3
3716,3,3
3717,3,5
3718,3,3
3719,3,3
3720,3,6
3721,3,3
3722,3,3
3723,3,3
3724,3,6
3725,3,3
3726,3,3
3727,3,3
3728,3,3
3729,3,3
3730,3,3
3731,3,3
3732,3,3
3733,3,3
3734,3,3
3735,3,4
3736,3,3
3737,3,3
3738,3,3
3739,3,3
3740,3,3
3741,3,3
3742,3,3
3743,3,3
3744,3,3
3745,3,0
3746,3,3
3747,3,3
3748,3,3
3749,3,3
3750,3,3
3751,3,3
3752,3,3
3753,3,3
3754,3,6
3755,3,3
3756,3,3
3757,3,4
3758,3,3
3759,3,3
3760,3,4
3761,3,3
3762,3,3
3763,3,5
3764,3,3
3765,3,3
3766,3,3
3767,3,3
3768,3,3
3769,3,3
3770,3,6
3771,3,3
3772,3,5
3773,3,3
3774,3,3
3775,3,3
3776,3,3
3777,3,3
3778,3,3
3779,3,3
3780,3,3
3781,3,3
3782,3,3
3783,3,3
3784,3,3
3785,3,3
3786,3,4
3787,3,3
3788,3,3
3789,3,3
3790,3,3
3791,3,3
3792,3,4
3793,3,3
3794,3,3
3795,3,3
3796,3,3
3797,3,3
3798,3,3
3799,3,3
3800,3,3
3801,3,3
3802,3,3
3803,3,3
3804,3,4
3805,3,3
3806,3,3
3807,3,3
3808,3,3
3809,3,3
3810,3,4
3811,3,3
3812,3,3
3813,3,3
3814,3,3
3815,3,4
3816,3,3
3817,3,3
3818,3,3
3819,3,4
3820,3,4
3821,3,3
3822,3,3
3823,3,3
3824,3,4
3825,3,3
3826,3,3
3827,3,3
3828,3,3
3829,3,3
3830,3,3
3831,3,3
3832,3,3
3833,3,3
3834,3,3
3835,3,3
3836,3,3
3837,3,3
3838,3,5
3839,3,3
3840,3,3
3841,3,3
3842,3,3
3843,3,3
3844,3,3
3845,3,3
3846,3,3
3847,3,3
3848,3,3
3849,3,3
3850,3,3
3851,3,3
3852,3,3
3853,3,3
3854,3,4
3855,3,3
3856,3,3
3857,3,3
3858,3,4
3859,3,3
3860,3,3
3861,3,5
3862,3,3
3863,3,3
3864,3,3
3865,3,3
3866,3,3
3867,4,4
3868,4,4
3869,4,4
3870,4,0
3871,4,4
3872,4,0
3873,4,4
3874,4,4
3875,4,4
3876,4,4
3877,4,4
3878,4,4
3879,4,5
3880,4,4
3881,4,4
3882,4,4
3883,4,4
3884,4,4
3885,4,4
3886,4,4
3887,4,3
3888,4,4
3889,4,0
3890,4,4
3891,4,4
3892,4,4
3893,4,4
3894,4,5
3895,4,4
3896,4,5
3897,4,4
3898,4,4
3899,4,4
3900,4,4
3901,4,3
3902,4,4
3903,4,4
3904,4,5
3905,4,1
3906,4,4
3907,4,4
3908,4,4
3909,4,4
3910,4,2
3911,4,4
3912,4,5
3913,4,4
3914,4,6
3915,4,4
3916,4,4
3917,4,3
3918,4,5
3919,4,4
3920,4,4
3921,4,2
3922,4,5
3923,4,3
3924,4,4
3925,4,4
3926,4,4
3927,4,5
3928,4,5
3929,4,4
3930,4,4
3931,4,3
3932,4,4
3933,4,4
3934,4,4
3935,4,4
3936,4,4
3937,4,4
3938,4,5
3939,4,4
3940,4,4
3941,4,5
3942,4,4
3943,4,4
3944,4,4
3945,4,4
3946,4,4
3947,4,5
3948,4,4
3949,4,4
3950,4,4
3951,4,4
3952,4,5
3953,4,4
3954,4,4
3955,4,4
3956,4,5
3957,4,6
3958,4,4
3959,4,4
3960,4,4
3961,4,4
3962,4,4
3963,4,4
3964,4,4
3965,4,4
3966,4,4
3967,4,4
3968,4,4
3969,4,4
3970,4,3
3971,4,3
3972,4,5
3973,4,0
3974,4,5
3975,4,5
3976,4,3
3977,4,0
3978,4,6
3979,4,4
3980,4,4
3981,4,4
3982,4,4
3983,4,5
3984,4,4
3985,4,2
3986,4,3
3987,4,4
3988,4,4
3989,4,4
3990,4,4
3991,4,5
3992,4,4
3993,4,4
3994,4,4
3995,4,4
3996,4,4
3997,4,5
3998,4,4
3999,4,0
4000,4,4
4001,4,4
4002,4,4
4003,4,4
4004,4,4
4005,4,4
4006,4,1
4007,4,5
4008,4,4
4009,4,4
4010,4,4
4011,4,4
4012,4,4
4013,4,0
4014,4,5
4015,4,5
4016,4,2
4017,4,4
4018,4,4
4019,4,4
4020,4,4
4021,4,5
4022,4,4
4023,4,3
4024,4,4
4025,4,3
4026,4,4
4027,4,4
4028,4,2
4029,4,4
4030,4,2
4031,4,4
4032,4,4
4033,4,4
4034,4,4
4035,4,4
4036,4,4
4037,4,4
4038,4,3
4039,4,4
4040,4,4
4041,4,4
4042,4,4
4043,4,5
4044,4,4
4045,4,5
4046,4,5
4047,4,3
4048,4,4
4049,4,5
4050,4,4
4051,4,4
4052,4,4
4053,4,4
4054,4,0
4055,4,4
4056,4,5
4057,4,2
4058,4,5
4059,4,4
4060,4,5
4061,4,4
4062,4,4
4063,4,4
4064,4,4
4065,4,4
4066,4,4
4067,4,4
4068,4,0
4069,4,4
4070,4,5
4071,4,4
4072,4,4
4073,4,3
4074,4,4
4075,4,5
4076,4,4
4077,4,4
4078,4,2
4079,4,4
4080,4,4
4081,4,5
4082,4,4
4083,4,4
4084,4,4
4085,4,3
4086,4,4
4087,4,4
4088,4,4
4089,4,4
4090,4,0
4091,4,3
4092,4,0
4093,4,5
4094,4,4
4095,4,4
4096,4,4
4097,4,4
4098,4,4
4099,4,4
4100,4,4
4101,4,4
4102,4,5
4103,4,4
4104,4,4
4105,4,4
4106,4,5
4107,4,4
4108,4,4
4109,4,2
4110,4,4
4111,4,4
4112,4,3
4113,4,0
4114,4,5
4115,4,5
4116,4,4
4117,4,1
4118,4,4
4119,4,5
4120,4,4
4121,4,2
4122,4,6
4123,4,4
4124,4,4
4125,4,4
4126,4,3
4127,4,3
4128,4,4
4129,4,4
4130,4,4
4131,4,4
4132,4,4
4133,4,4
4134,4,4
4135,4,3
4136,4,3
4137,4,4
4138,4,4
4139,4,4
4140,4,4
4141,4,5
4142,4,4
4143,4,5
4144,4,4
4145,4,4
4146,4,4
4147,4,4
4148,4,4
4149,4,4
4150,4,4
4151,4,4
4152,4,4
4153,4,2
4154,4,4
4155,4,4
4156,4,0
4157,4,4
4158,4,4
4159,4,6
4160,4,4
4161,4,4
4162,4,4
4163,4,5
4164,4,5
4165,4,4
4166,4,4
4167,4,4
4168,4,5
4169,4,4
4170,4,5
4171,4,5
4172,4,4
4173,4,5
4174,4,4
4175,4,4
4176,4,4
4177,4,4
4178,4,4
4179,4,3
4180,4,4
4181,4,4
4182,4,2
4183,4,6
4184,4,2
4185,4,2
4186,4,4
4187,4,4
4188,4,2
4189,4,4
4190,4,4
4191,4,5
4192,4,3
4193,4,4
4194,4,5
4195,4,4
4196,4,5
4197,4,4
4198,4,4
4199,4,4
4200,4,4
4201,4,4
4202,4,4
4203,4,5
4204,4,4
4205,4,5
4206,4,4
4207,4,4
4208,4,3
4209,4,4
4210,4,4
4211,4,4
4212,4,4
4213,4,5
4214,4,4
4215,4,4
4216,4,4
4217,4,3
4218,4,4
4219,4,4
4220,4,4
4221,4,4
4222,4,4
4223,4,4
4224,4,2
4225,4,0
4226,4,4
4227,4,0
4228,4,4
4229,4,4
4230,4,4
4231,4,2
4232,4,4
4233,4,4
4234,4,4
4235,4,4
4236,4,4
4237,4,4
4238,4,4
4239,4,0
4240,4,4
4241,4,4
4242,4,5
4243,4,5
4244,4,4
4245,4,4
4246,4,4
4247,4,5
4248,4,4
4249,4,4
4250,4,4
4251,4,4
4252,4,4
4253,4,3
4254,4,3
4255,4,4
4256,4,5
4257,4,4
4258,4,5
4259,4,3
4260,4,3
4261,4,4
4262,4,4
4263,4,4
4264,4,4
4265,4,4
4266,4,4
4267,4,5
4268,4,4
4269,4,5
4270,4,4
4271,4,4
4272,4,3
4273,4,4
4274,4,4
4275,4,0
4276,4,5
4277,4,4
4278,4,4
4279,4,4
4280,4,5
4281,4,5
4282,4,0
4283,4,5
4284,4,4
4285,4,5
4286,4,4
4287,4,5
4288,4,4
4289,4,5
4290,4,4
4291,4,4
4292,4,4
4293,4,0
4294,4,4
4295,4,2
4296,4,5
4297,4,4
4298,4,4
4299,4,4
4300,4,4
4301,4,5
4302,4,5
4303,4,0
4304,4,3
4305,4,5
4306,4,4
4307,4,3
4308,4,4
4309,4,4
4310,4,4
4311,4,5
4312,4,4
4313,4,4
4314,4,4
4315,4,5
4316,4,4
4317,4,4
4318,4,0
4319,4,4
4320,4,4
4321,4,6
4322,4,4
4323,4,5
4324,4,4
4325,4,4
4326,4,5
4327,4,4
4328,4,4
4329,4,4
4330,4,2
4331,4,4
4332,4,0
4333,4,4
4334,4,4
4335,4,5
4336,4,4
4337,4,4
4338,4,6
4339,4,4
4340,4,4
4341,4,4
4342,4,4
4343,4,4
4344,4,4
4345,4,4
4346,4,4
4347,4,5
4348,4,5
4349,4,3
4350,4,5
4351,4,4
4352,4,5
4353,4,4
4354,4,4
4355,4,5
4356,4,4
4357,4,4
4358,4,4
4359,4,4
4360,4,3
4361,4,4
4362,4,4
4363,4,4
4364,4,4
4365,4,4
4366,4,5
4367,4,4
4368,4,4
4369,4,4
4370,4,4
4371,4,5
4372,4,4
4373,4,4
4374,4,3
4375,4,4
4376,4,6
4377,4,4
4378,4,4
4379,4,5
4380,4,0
4381,4,4
4382,4,4
4383,4,4
4384,4,4
4385,4,4
4386,4,4
4387,4,4
4388,4,4
4389,4,4
4390,4,4
4391,4,4
4392,4,4
4393,4,4
4394,4,5
4395,4,4
4396,4,4
4397,4,4
4398,4,4
4399,4,4
4400,4,3
4401,4,4
4402,4,4
4403,4,4
4404,4,4
4405,4,4
4406,4,4
4407,4,5
4408,4,4
4409,4,4
4410,4,0
4411,4,4
4412,4,4
4413,4,4
4414,4,4
4415,4,4
4416,4,4
4417,4,4
4418,4,4
4419,4,4
4420,4,4
4421,4,5
4422,4,4
4423,4,4
4424,4,2
4425,4,5
4426,4,4
4427,4,4
4428,4,4
4429,4,4
4430,4,5
4431,4,2
4432,4,4
4433,4,4
4434,4,4
4435,4,5
4436,4,5
4437,4,5
4438,4,4
4439,4,4
4440,4,4
4441,4,4
4442,4,4
4443,4,3
4444,4,6
4445,4,6
4446,4,4
4447,4,3
4448,4,4
4449,4,4
4450,4,4
4451,4,4
4452,4,4
4453,4,4
4454,4,4
4455,4,4
4456,4,4
4457,4,4
4458,4,4
4459,4,4
4460,4,5
4461,4,5
4462,4,5
4463,4,5
4464,4,4
4465,4,4
4466,4,4
4467,4,4
4468,4,4
4469,4,4
4470,4,4
4471,4,5
4472,4,4
4473,4,4
4474,4,3
4475,4,3
4476,4,4
4477,4,4
4478,4,5
4479,4,5
4480,4,4
4481,4,4
4482,4,4
4483,4,4
4484,4,5
4485,4,4
4486,4,5
4487,4,4
4488,4,4
4489,4,3
4490,4,2
4491,4,5
4492,4,4
4493,4,4
4494,4,4
4495,4,4
4496,4,0
4497,4,4
4498,4,4
4499,4,3
4500,4,4
4501,4,5
4502,4,4
4503,4,4
4504,4,3
4505,4,4
4506,4,5
4507,4,4
4508,4,4
4509,4,4
4510,4,4
4511,4,3
4512,4,4
4513,4,2
4514,4,4
4515,4,4
4516,4,4
4517,4,4
4518,4,5
4519,4,5
4520,4,5
4521,4,4
4522,4,3
4523,4,5
4524,4,4
4525,4,2
4526,4,4
4527,4,2
4528,4,0
4529,4,0
4530,4,4
4531,4,5
4532,4,4
4533,4,0
4534,4,4
4535,4,4
4536,4,5
4537,4,4
4538,4,3
4539,4,4
4540,4,4
4541,4,3
4542,4,4
4543,4,5
4544,4,4
4545,4,4
4546,4,4
4547,4,4
4548,4,5
4549,4,4
4550,4,5
4551,4,4
4552,4,4
4553,4,4
4554,4,4
4555,4,4
4556,4,4
4557,4,0
4558,4,6
4559,4,4
4560,4,0
4561,4,4
4562,4,4
4563,4,4
4564,4,4
4565,4,0
4566,4,4
4567,4,4
4568,4,5
4569,4,5
4570,4,4
4571,4,4
4572,4,4
4573,4,5
4574,4,4
4575,4,5
4576,4,2
4577,4,5
4578,4,3
4579,4,3
4580,4,3
4581,4,4
4582,4,2
4583,4,4
4584,4,4
4585,4,2
4586,4,4
4587,4,4
4588,4,5
4589,4,5
4590,4,5
4591,4,4
4592,4,4
4593,4,4
4594,4,4
4595,4,4
4596,4,0
4597,4,4
4598,4,4
4599,4,5
4600,4,4
4601,4,4
4602,4,0
4603,4,0
4604,4,4
4605,4,4
4606,4,3
4607,4,4
4608,4,4
4609,4,4
4610,4,2
4611,4,4
4612,4,4
4613,4,4
4614,4,4
4615,4,4
4616,4,3
4617,4,6
4618,4,2
4619,4,5
4620,4,0
4621,4,4
4622,4,5
4623,4,0
4624,4,5
4625,4,4
4626,4,4
4627,4,4
4628,4,4
4629,4,4
4630,4,5
4631,4,4
4632,4,4
4633,4,4
4634,4,4
4635,4,4
4636,4,4
4637,4,4
4638,4,4
4639,4,4
4640,4,4
4641,4,4
4642,4,4
4643,4,4
4644,4,4
4645,4,5
4646,4,4
4647,4,6
4648,4,4
4649,4,4
4650,4,4
4651,4,4
4652,4,4
4653,4,4
4654,4,5
4655,4,4
4656,4,4
4657,4,0
4658,4,5
4659,4,3
4660,4,5
4661,4,4
4662,4,4
4663,4,4
4664,4,4
4665,4,5
4666,4,3
4667,4,4
4668,4,4
4669,4,4
4670,4,4
4671,4,4
4672,4,4
4673,4,4
4674,4,5
4675,4,3
4676,4,4
4677,4,4
4678,4,4
4679,4,4
4680,4,4
4681,4,3
4682,4,4
4683,4,0
4684,4,0
4685,4,2
4686,4,4
4687,4,5
4688,4,4
4689,4,4
4690,4,5
4691,4,5
4692,4,4
4693,4,4
4694,4,5
4695,4,4
4696,4,0
4697,4,2
4698,4,4
4699,4,4
4700,4,4
4701,4,4
4702,4,0
4703,4,4
4704,4,3
4705,4,0
4706,4,4
4707,4,3
4708,4,0
4709,4,4
4710,4,4
4711,4,4
4712,4,4
4713,4,4
4714,4,4
4715,4,4
4716,4,4
4717,4,4
4718,4,4
4719,4,3
4720,4,4
4721,4,4
4722,4,4
4723,4,5
4724,4,3
4725,4,4
4726,4,4
4727,4,4
4728,4,4
4729,4,4
4730,4,4
4731,4,4
4732,4,4
4733,4,4
4734,4,2
4735,4,4
4736,4,4
4737,4,4
4738,4,4
4739,4,4
4740,4,4
4741,4,4
4742,4,4
4743,4,4
4744,4,4
4745,4,4
4746,4,5
4747,4,5
4748,4,4
4749,4,4
4750,4,3
4751,4,4
4752,4,4
4753,4,5
4754,4,4
4755,4,5
4756,4,0
4757,4,3
4758,4,4
4759,4,4
4760,4,5
4761,4,3
4762,4,4
4763,4,4
4764,4,2
4765,4,5
4766,4,4
4767,4,4
4768,4,4
4769,4,5
4770,4,4
4771,4,4
4772,4,5
4773,4,4
4774,4,4
4775,4,4
4776,4,4
4777,4,4
4778,4,0
4779,4,0
4780,4,0
4781,4,4
4782,4,4
4783,4,4
4784,4,4
4785,4,2
4786,4,4
4787,4,4
4788,4,4
4789,4,4
4790,4,4
4791,4,4
4792,4,6
4793,4,4
4794,4,4
4795,4,4
4796,4,4
4797,4,4
4798,4,4
4799,4,4
4800,4,0
4801,4,4
4802,4,3
4803,4,4
4804,4,4
4805,4,4
4806,4,4
4807,4,4
4808,4,4
4809,4,4
4810,4,4
4811,4,4
4812,4,4
4813,4,4
4814,4,5
4815,4,4
4816,4,5
4817,4,4
4818,4,4
4819,4,4
4820,4,4
4821,4,5
4822,4,4
4823,4,3
4824,4,3
4825,4,4
4826,4,5
4827,4,4
4828,4,4
4829,4,4
4830,4,4
4831,4,3
4832,4,4
4833,4,4
4834,4,2
4835,4,4
4836,4,4
4837,4,4
4838,4,5
4839,4,4
4840,4,4
4841,4,5
4842,4,4
4843,4,0
4844,4,4
4845,4,4
4846,4,4
4847,4,4
4848,4,4
4849,4,5
4850,4,4
4851,4,4
4852,4,4
4853,4,4
4854,4,4
4855,4,4
4856,4,4
4857,4,5
4858,4,4
4859,4,4
4860,4,5
4861,4,4
4862,4,2
4863,4,0
4864,4,5
4865,4,5
4866,4,4
4867,4,4
4868,4,4
4869,4,3
4870,4,5
4871,4,4
4872,4,4
4873,4,4
4874,4,4
4875,4,5
4876,4,4
4877,4,4
4878,4,4
4879,4,5
4880,4,4
4881,4,4
4882,4,4
4883,4,4
4884,4,3
4885,4,4
4886,4,4
4887,4,4
4888,4,4
4889,4,0
4890,4,4
4891,4,4
4892,4,3
4893,4,4
4894,4,4
4895,4,3
4896,4,4
4897,4,5
4898,4,5
4899,4,4
4900,4,3
4901,4,4
4902,4,4
4903,4,4
4904,4,4
4905,4,3
4906,4,4
4907,4,3
4908,4,5
4909,4,5
4910,4,4
4911,4,4
4912,4,4
4913,4,4
4914,4,5
4915,4,3
4916,4,5
4917,4,2
4918,4,4
4919,4,4
4920,4,4
4921,4,4
4922,4,4
4923,4,4
4924,4,4
4925,4,4
4926,4,4
4927,4,4
4928,4,5
4929,4,3
4930,4,4
4931,4,4
4932,4,0
4933,4,4
4934,4,0
4935,4,4
4936,4,3
4937,4,4
4938,4,4
4939,4,0
4940,4,4
4941,4,4
4942,4,4
4943,4,4
4944,4,4
4945,4,4
4946,4,5
4947,4,4
4948,4,3
4949,4,4
4950,4,5
4951,4,4
4952,4,4
4953,4,4
4954,4,3
4955,4,3
4956,4,4
4957,4,5
4958,4,4
4959,4,5
4960,4,4
4961,4,5
4962,4,4
4963,4,5
4964,4,4
4965,4,4
4966,4,6
4967,4,4
4968,4,4
4969,4,4
4970,4,4
4971,4,4
4972,4,4
4973,4,4
4974,4,5
4975,4,5
4976,4,4
4977,4,4
4978,4,4
4979,4,4
4980,4,5
4981,4,3
4982,4,4
4983,4,0
4984,4,4
4985,4,2
4986,4,2
4987,4,4
4988,4,0
4989,4,4
4990,4,4
4991,4,4
4992,4,4
4993,4,4
4994,4,4
4995,4,4
4996,4,4
4997,4,4
4998,4,5
4999,4,4
5000,4,4
5001,4,4
5002,4,4
5003,4,5
5004,4,4
5005,4,3
5006,4,4
5007,4,4
5008,4,4
5009,4,2
5010,4,3
5011,4,4
5012,4,6
5013,4,4
5014,4,4
5015,4,4
5016,4,4
5017,4,4
5018,4,5
5019,4,4
5020,4,4
5021,4,4
5022,4,4
5023,4,4
5024,4,4
5025,4,5
5026,4,4
5027,4,2
5028,4,4
5029,4,4
5030,4,4
5031,4,4
5032,4,4
5033,4,4
5034,4,4
5035,4,2
5036,4,4
5037,4,0
5038,4,6
5039,4,4
5040,4,5
5041,4,4
5042,4,4
5043,4,4
5044,4,4
5045,4,4
5046,4,4
5047,4,4
5048,4,4
5049,4,4
5050,4,4
5051,4,4
5052,4,3
5053,4,2
5054,4,4
5055,4,3
5056,4,4
5057,4,4
5058,4,4
5059,4,4
5060,4,4
5061,4,4
5062,4,0
5063,4,4
5064,4,5
5065,4,4
5066,4,4
5067,4,4
5068,4,0
5069,4,4
5070,4,4
5071,4,3
5072,4,5
5073,4,3
5074,4,3
5075,4,4
5076,4,4
5077,4,4
5078,4,3
5079,4,4
5080,4,4
5081,4,4
5082,4,5
5083,4,4
5084,4,4
5085,4,5
5086,4,0
5087,4,2
5088,4,5
5089,4,4
5090,4,4
5091,4,4
5092,4,4
5093,4,0
5094,4,6
5095,4,3
5096,4,5
5097,4,4
5098,4,4
5099,4,4
5100,5,0
5101,5,5
5102,5,6
5103,5,2
5104,5,5
5105,5,5
5106,5,3
5107,5,5
5108,5,5
5109,5,5
5110,5,5
5111,5,5
5112,5,5
5113,5,4
5114,5,5
5115,5,1
5116,5,5
5117,5,5
5118,5,5
5119,5,4
5120,5,4
5121,5,5
5122,5,5
5123,5,5
5124,5,5
5125,5,5
5126,5,5
5127,5,5
5128,5,5
5129,5,5
5130,5,2
5131,5,0
5132,5,5
5133,5,2
5134,5,5
5135,5,2
5136,5,4
5137,5,4
5138,5,5
5139,5,5
5140,5,3
5141,5,5
5142,5,5
5143,5,5
5144,5,2
5145,5,0
5146,5,5
5147,5,5
5148,5,5
5149,5,3
5150,5,5
5151,5,4
5152,5,2
5153,5,5
5154,5,4
5155,5,0
5156,5,3
5157,5,4
5158,5,4
5159,5,4
5160,5,0
5161,5,2
5162,5,2
5163,5,5
5164,5,5
5165,5,5
5166,5,0
5167,5,4
5168,5,4
5169,5,5
5170,5,0
5171,5,4
5172,5,5
5173,5,4
5174,5,5
5175,5,5
5176,5,0
5177,5,5
5178,5,5
5179,5,5
5180,5,5
5181,5,2
5182,5,5
5183,5,5
5184,5,5
5185,5,5
5186,5,0
5187,5,5
5188,5,0
5189,5,5
5190,5,0
5191,5,5
5192,5,5
5193,5,5
5194,5,5
5195,5,4
5196,5,0
5197,5,5
5198,5,5
5199,5,4
5200,5,6
5201,5,5
5202,5,4
5203,5,0
5204,5,5
5205,5,5
5206,5,5
5207,5,5
5208,5,4
5209,5,5
5210,5,5
5211,5,4
5212,5,3
5213,5,5
5214,5,5
5215,5,5
5216,5,5
5217,5,5
5218,5,5
5219,5,4
5220,5,5
5221,5,3
5222,5,5
5223,5,5
5224,5,4
5225,5,5
5226,5,2
5227,5,5
5228,5,4
5229,5,5
5230,5,5
5231,5,4
5232,5,0
5233,5,4
5234,5,4
5235,5,3
5236,5,4
5237,5,4
5238,5,4
5239,5,5
5240,5,0
5241,5,5
5242,5,5
5243,5,5
5244,5,4
5245,5,4
5246,5,5
5247,5,3
5248,5,5
5249,5,5
5250,5,5
5251,5,5
5252,5,5
5253,5,5
5254,5,3
5255,5,4
5256,5,5
5257,5,2
5258,5,0
5259,5,5
5260,5,5
5261,5,4
5262,5,5
5263,5,0
5264,5,4
5265,5,5
5266,5,5
5267,5,3
5268,5,2
5269,5,5
5270,5,5
5271,5,4
5272,5,4
5273,5,2
5274,5,4
5275,5,5
5276,5,5
5277,5,0
5278,5,5
5279,5,5
5280,5,5
5281,5,1
5282,5,5
5283,5,0
5284,5,4
5285,5,5
5286,5,5
5287,5,5
5288,5,5
5289,5,0
5290,5,5
5291,5,2
5292,5,3
5293,5,5
5294,5,5
5295,5,5
5296,5,6
5297,5,2
5298,5,3
5299,5,5
5300,5,4
5301,5,5
5302,5,5
5303,5,5
5304,5,5
5305,5,5
5306,5,1
5307,5,0
5308,5,4
5309,5,5
5310,5,5
5311,5,5
5312,5,5
5313,5,5
5314,5,5
5315,5,5
5316,5,4
5317,5,2
5318,5,5
5319,5,5
5320,5,5
5321,5,5
5322,5,5
5323,5,5
5324,5,4
5325,5,5
5326,5,4
5327,5,4
5328,5,4
5329,5,5
5330,5,0
5331,5,4
5332,5,5
5333,5,4
5334,5,3
5335,5,5
5336,5,2
5337,5,5
5338,5,2
5339,5,5
5340,5,4
5341,5,3
5342,5,5
5343,5,0
5344,5,0
5345,5,4
5346,5,5
5347,5,4
5348,5,5
5349,5,4
5350,5,5
5351,5,5
5352,5,2
5353,5,5
5354,5,5
5355,5,5
5356,5,5
5357,5,3
5358,5,5
5359,5,4
5360,5,4
5361,5,5
5362,5,4
5363,5,3
5364,5,5
5365,5,5
5366,5,4
5367,5,4
5368,5,5
5369,5,5
5370,5,3
5371,5,5
5372,5,5
5373,5,5
5374,5,4
5375,5,5
5376,5,5
5377,5,0
5378,5,5
5379,5,5
5380,5,5
5381,5,2
5382,5,5
5383,5,3
5384,5,5
5385,5,5
5386,5,4
5387,5,4
5388,5,5
5389,5,5
5390,5,5
5391,5,4
5392,5,5
5393,5,5
5394,5,5
5395,5,5
5396,5,5
5397,5,5
5398,5,5
5399,5,2
5400,5,5
5401,5,5
5402,5,5
5403,5,5
5404,5,5
5405,5,5
5406,5,5
5407,5,3
5408,5,5
5409,5,4
5410,5,0
5411,5,5
5412,5,4
5413,5,5
5414,5,4
5415,5,5
5416,5,5
5417,5,5
5418,5,4
5419,5,5
5420,5,5
5421,5,2
5422,5,5
5423,5,5
5424,5,0
5425,5,6
5426,5,4
5427,5,5
5428,5,5
5429,5,5
5430,5,5
5431,5,4
5432,5,5
5433,5,3
5434,5,5
5435,5,5
5436,5,5
5437,5,4
5438,5,0
5439,5,4
5440,5,5
5441,5,1
5442,5,5
5443,5,5
5444,5,4
5445,5,5
5446,5,5
5447,5,5
5448,5,5
5449,5,4
5450,5,5
5451,5,4
5452,5,5
5453,5,4
5454,5,2
5455,5,5
5456,5,5
5457,5,5
5458,5,5
5459,5,5
5460,5,2
5461,5,5
5462,5,5
5463,5,1
5464,5,5
5465,5,4
5466,5,5
5467,5,3
5468,5,5
5469,5,5
5470,5,5
5471,5,4
5472,5,4
5473,5,5
5474,5,5
5475,5,5
5476,5,5
5477,5,3
5478,5,5
5479,5,4
5480,5,5
5481,5,5
5482,5,4
5483,5,4
5484,5,4
5485,5,5
5486,5,5
5487,5,5
5488,5,4
5489,5,4
5490,5,5
5491,5,2
5492,5,5
5493,5,5
5494,5,5
5495,5,3
5496,5,3
5497,5,5
5498,5,5
5499,5,2
5500,5,3
5501,5,2
5502,5,5
5503,5,5
5504,5,4
5505,5,5
5506,5,5
5507,5,0
5508,5,2
5509,5,4
5510,5,5
5511,5,4
5512,5,4
5513,5,5
5514,5,5
5515,5,5
5516,5,0
5517,5,5
5518,5,5
5519,5,2
5520,5,4
5521,5,5
5522,5,5
5523,5,2
5524,5,4
5525,5,5
5526,5,5
5527,5,5
5528,5,0
5529,5,5
5530,5,4
5531,5,3
5532,5,4
5533,5,5
5534,5,2
5535,5,5
5536,5,5
5537,5,5
5538,5,4
5539,5,5
5540,5,5
5541,5,5
5542,5,5
5543,5,5
5544,5,2
5545,5,0
5546,5,5
5547,5,5
5548,5,2
5549,5,4
5550,5,5
5551,5,4
5552,5,5
5553,5,5
5554,5,0
5555,5,5
5556,5,3
5557,5,4
5558,5,5
5559,5,5
5560,5,3
5561,5,0
5562,5,5
5563,5,5
5564,5,5
5565,5,5
5566,5,3
5567,5,4
5568,5,5
5569,5,4
5570,5,0
5571,5,5
5572,5,0
5573,5,5
5574,5,3
5575,5,6
5576,5,5
5577,5,5
5578,5,4
5579,5,0
5580,5,5
5581,5,5
5582,5,5
5583,5,3
5584,5,3
5585,5,5
5586,5,4
5587,5,0
5588,5,4
5589,5,0
5590,5,5
5591,5,5
5592,5,4
5593,5,0
5594,5,4
5595,5,4
5596,5,5
5597,5,5
5598,5,0
5599,5,0
5600,5,5
5601,5,5
5602,5,4
5603,5,4
5604,5,5
5605,5,5
5606,5,5
5607,5,5
5608,5,5
5609,5,5
5610,5,0
5611,5,5
5612,5,4
5613,5,5
5614,5,5
5615,5,5
5616,5,5
5617,5,5
5618,5,5
5619,5,5
5620,5,5
5621,5,3
5622,5,4
5623,5,4
5624,5,5
5625,5,4
5626,5,5
5627,5,5
5628,5,6
5629,5,5
5630,5,4
5631,5,4
5632,5,6
5633,5,5
5634,5,5
5635,5,4
5636,5,4
5637,5,0
5638,5,5
5639,5,5
5640,5,5
5641,5,5
5642,5,4
5643,5,0
5644,5,5
5645,5,5
5646,5,5
5647,5,5
5648,5,1
5649,5,1
5650,5,3
5651,5,4
5652,5,5
5653,5,6
5654,5,3
5655,5,0
5656,5,5
5657,5,5
5658,5,5
5659,5,0
5660,5,5
5661,5,3
5662,5,5
5663,5,5
5664,5,3
5665,5,5
5666,5,5
5667,5,5
5668,5,5
5669,5,5
5670,5,5
5671,5,5
5672,5,4
5673,5,5
5674,5,5
5675,5,4
5676,5,5
5677,5,5
5678,5,3
5679,5,5
5680,5,0
5681,5,5
5682,5,5
5683,5,4
5684,5,3
5685,5,4
5686,5,5
5687,5,5
5688,5,5
5689,5,5
5690,5,5
5691,5,4
5692,5,2
5693,5,5
5694,5,2
5695,5,5
5696,5,5
5697,5,4
5698,5,5
5699,5,4
5700,5,3
5701,5,5
5702,5,0
5703,5,0
5704,5,5
5705,5,5
5706,5,5
5707,5,5
5708,5,2
5709,5,3
5710,5,0
5711,5,5
5712,5,5
5713,5,5
5714,5,4
5715,5,5
5716,5,5
5717,5,4
5718,5,5
5719,5,5
5720,5,4
5721,5,5
5722,5,5
5723,5,2
5724,5,5
5725,5,5
5726,5,5
5727,5,5
5728,5,5
5729,5,0
5730,5,4
5731,5,5
5732,5,5
5733,5,5
5734,5,5
5735,5,5
5736,5,5
5737,5,2
5738,5,3
5739,5,4
5740,5,0
5741,5,2
5742,5,4
5743,5,5
5744,5,4
5745,5,5
5746,5,5
5747,5,5
5748,5,5
5749,5,2
5750,5,5
5751,5,5
5752,5,3
5753,5,2
5754,5,4
5755,5,5
5756,5,2
5757,5,5
5758,5,5
5759,5,5
5760,5,3
5761,5,5
5762,5,5
5763,5,5
5764,5,5
5765,5,5
5766,5,5
5767,5,5
5768,5,4
5769,5,5
5770,5,5
5771,5,2
5772,5,5
5773,5,2
5774,5,4
5775,5,5
5776,5,5
5777,5,4
5778,5,4
5779,5,5
5780,5,4
5781,5,2
5782,5,5
5783,5,2
5784,5,4
5785,5,5
5786,5,5
5787,5,5
5788,5,4
5789,5,5
5790,5,3
5791,5,4
5792,5,4
5793,5,4
5794,5,5
5795,5,5
5796,5,5
5797,5,5
5798,5,0
5799,5,5
5800,5,5
5801,5,5
5802,5,3
5803,5,5
5804,5,0
5805,5,5
5806,5,5
5807,5,5
5808,5,5
5809,5,4
5810,5,5
5811,5,6
5812,5,5
5813,5,5
5814,5,0
5815,5,5
5816,5,5
5817,5,5
5818,5,2
5819,5,4
5820,5,4
5821,5,5
5822,5,2
5823,5,5
5824,5,5
5825,5,5
5826,5,5
5827,5,5
5828,5,5
5829,5,5
5830,5,5
5831,5,5
5832,5,5
5833,5,3
5834,5,5
5835,5,3
5836,5,5
5837,5,5
5838,5,2
5839,5,0
5840,5,5
5841,5,5
5842,5,5
5843,5,5
5844,5,5
5845,5,2
5846,5,0
5847,5,4
5848,5,3
5849,5,0
5850,5,4
5851,5,5
5852,5,4
5853,5,5
5854,5,4
5855,5,5
5856,5,5
5857,5,5
5858,5,0
5859,5,4
5860,5,2
5861,5,5
5862,5,5
5863,5,4
5864,5,5
5865,5,5
5866,5,4
5867,5,0
5868,5,4
5869,5,5
5870,5,5
5871,5,3
5872,5,4
5873,5,4
5874,5,4
5875,5,3
5876,5,4
5877,5,3
5878,5,5
5879,5,6
5880,5,5
5881,5,3
5882,5,5
5883,5,4
5884,5,2
5885,5,4
5886,5,5
5887,5,5
5888,5,5
5889,5,5
5890,5,5
5891,5,5
5892,5,4
5893,5,5
5894,5,5
5895,5,5
5896,5,5
5897,5,5
5898,5,5
5899,5,4
5900,5,5
5901,5,5
5902,5,4
5903,5,4
5904,5,0
5905,5,5
5906,5,5
5907,5,5
5908,5,4
5909,5,4
5910,5,5
5911,5,5
5912,5,5
5913,5,5
5914,5,2
5915,5,0
5916,5,5
5917,5,5
5918,5,5
5919,5,4
5920,5,5
5921,5,5
5922,5,5
5923,5,5
5924,5,2
5925,5,4
5926,5,5
5927,5,5
5928,5,4
5929,5,4
5930,5,4
5931,5,6
5932,5,4
5933,5,3
5934,5,5
5935,5,5
5936,5,4
5937,5,5
5938,5,4
5939,5,5
5940,5,5
5941,5,0
5942,5,5
5943,5,4
5944,5,5
5945,5,5
5946,5,4
5947,5,0
5948,5,5
5949,5,4
5950,5,3
5951,5,5
5952,5,5
5953,5,5
5954,5,5
5955,5,3
5956,5,4
5957,5,5
5958,5,0
5959,5,0
5960,5,4
5961,5,5
5962,5,5
5963,5,2
5964,5,4
5965,5,4
5966,5,4
5967,5,5
5968,5,5
5969,5,5
5970,5,0
5971,5,6
5972,5,5
5973,5,5
5974,5,4
5975,5,5
5976,5,5
5977,5,3
5978,5,5
5979,5,4
5980,5,2
5981,5,5
5982,5,4
5983,5,0
5984,5,2
5985,5,5
5986,5,4
5987,5,4
5988,5,5
5989,5,3
5990,5,5
5991,5,4
5992,5,5
5993,5,5
5994,5,4
5995,5,4
5996,5,5
5997,5,0
5998,5,4
5999,5,4
6000,5,6
6001,5,0
6002,5,5
6003,5,4
6004,5,4
6005,5,3
6006,5,5
6007,5,2
6008,5,0
6009,5,0
6010,5,6
6011,5,2
6012,5,3
6013,5,5
6014,5,0
6015,5,4
6016,5,2
6017,5,5
6018,5,5
6019,5,5
6020,5,5
6021,5,5
6022,5,5
6023,5,2
6024,5,5
6025,5,4
6026,5,5
6027,5,5
6028,5,3
6029,5,5
6030,5,4
6031,5,5
6032,5,4
6033,5,5
6034,5,5
6035,5,4
6036,5,5
6037,5,5
6038,5,5
6039,5,5
6040,5,5
6041,5,5
6042,5,5
6043,5,5
6044,5,3
6045,5,2
6046,5,0
6047,5,5
6048,5,0
6049,5,3
6050,5,5
6051,5,5
6052,5,0
6053,5,4
6054,5,4
6055,5,5
6056,5,5
6057,5,5
6058,5,2
6059,5,4
6060,5,5
6061,5,0
6062,5,3
6063,5,4
6064,5,0
6065,5,5
6066,5,4
6067,5,5
6068,5,2
6069,5,0
6070,5,5
6071,5,5
6072,5,3
6073,5,5
6074,5,4
6075,5,5
6076,5,4
6077,5,4
6078,5,4
6079,5,5
6080,5,0
6081,5,5
6082,5,2
6083,5,2
6084,5,5
6085,5,5
6086,5,5
6087,5,5
6088,5,5
6089,5,4
6090,5,5
6091,5,2
6092,5,0
6093,5,0
6094,5,5
6095,5,5
6096,5,0
6097,5,5
6098,5,6
6099,5,5
6100,5,2
6101,5,5
6102,5,5
6103,5,5
6104,5,5
6105,5,5
6106,5,5
6107,5,0
6108,5,5
6109,5,0
6110,5,5
6111,5,4
6112,5,5
6113,5,0
6114,5,0
6115,5,5
6116,5,5
6117,5,5
6118,5,0
6119,5,5
6120,5,4
6121,5,5
6122,5,4
6123,5,4
6124,5,4
6125,5,5
6126,5,0
6127,5,3
6128,5,4
6129,5,2
6130,5,4
6131,5,5
6132,5,4
6133,5,5
6134,5,5
6135,5,3
6136,5,5
6137,5,0
6138,5,5
6139,5,5
6140,5,3
6141,5,4
6142,5,0
6143,5,0
6144,5,5
6145,5,5
6146,5,5
6147,5,5
6148,5,3
6149,5,5
6150,5,4
6151,5,5
6152,5,5
6153,5,5
6154,5,5
6155,5,3
6156,5,5
6157,5,5
6158,5,5
6159,5,5
6160,5,5
6161,5,4
6162,5,2
6163,5,5
6164,5,5
6165,5,5
6166,5,5
6167,5,5
6168,5,5
6169,5,5
6170,5,4
6171,5,5
6172,5,0
6173,5,2
6174,5,0
6175,5,5
6176,5,5
6177,5,5
6178,5,3
6179,5,4
6180,5,2
6181,5,0
6182,5,5
6183,5,5
6184,5,5
6185,5,5
6186,5,2
6187,5,5
6188,5,3
6189,5,0
6190,5,5
6191,5,2
6192,5,3
6193,5,5
6194,5,5
6195,5,5
6196,5,5
6197,5,5
6198,5,6
6199,5,4
6200,5,3
6201,5,4
6202,5,5
6203,5,4
6204,5,5
6205,5,0
6206,5,5
6207,5,5
6208,5,4
6209,5,0
6210,5,3
6211,5,2
6212,5,3
6213,5,4
6214,5,2
6215,5,3
6216,5,4
6217,5,5
6218,5,4
6219,5,5
6220,5,5
6221,5,4
6222,5,5
6223,5,5
6224,5,5
6225,5,5
6226,5,5
6227,5,5
6228,5,5
6229,5,4
6230,5,5
6231,5,5
6232,5,0
6233,5,0
6234,5,5
6235,5,5
6236,5,5
6237,5,5
6238,5,5
6239,5,5
6240,5,5
6241,5,0
6242,5,0
6243,5,5
6244,5,5
6245,5,0
6246,5,5
6247,5,0
6248,5,2
6249,5,0
6250,5,4
6251,5,5
6252,5,5
6253,5,5
6254,5,5
6255,5,3
6256,5,4
6257,5,4
6258,5,6
6259,5,5
6260,5,5
6261,5,3
6262,5,5
6263,5,4
6264,5,5
6265,5,5
6266,5,0
6267,5,4
6268,5,5
6269,5,5
6270,5,4
6271,5,5
6272,5,5
6273,5,5
6274,5,4
6275,5,5
6276,5,0
6277,5,5
6278,5,5
6279,5,5
6280,5,5
6281,5,4
6282,5,2
6283,5,3
6284,5,4
6285,5,0
6286,5,5
6287,5,5
6288,5,5
6289,5,5
6290,5,4
6291,5,4
6292,5,4
6293,5,5
6294,5,5
6295,5,4
6296,5,5
6297,5,5
6298,5,5
6299,5,5
6300,5,4
6301,5,4
6302,5,5
6303,5,4
6304,5,3
6305,5,5
6306,5,5
6307,5,4
6308,5,5
6309,5,3
6310,5,0
6311,5,5
6312,5,5
6313,5,5
6314,5,0
6315,5,5
6316,5,5
6317,5,5
6318,5,5
6319,5,5
6320,5,5
6321,5,5
6322,5,5
6323,5,4
6324,5,5
6325,5,5
6326,5,4
6327,5,5
6328,5,0
6329,5,5
6330,5,3
6331,5,3
6332,5,5
6333,5,5
6334,5,5
6335,5,0
6336,5,5
6337,5,5
6338,5,5
6339,5,0
6340,5,0
6341,5,4
6342,5,4
6343,5,4
6344,5,4
6345,5,5
6346,5,4
6347,6,6
6348,6,2
6349,6,6
6350,6,6
6351,6,3
6352,6,0
6353,6,6
6354,6,0
6355,6,6
6356,6,6
6357,6,6
6358,6,4
6359,6,6
6360,6,2
6361,6,6
6362,6,6
6363,6,6
6364,6,4
6365,6,6
6366,6,6
6367,6,2
6368,6,6
6369,6,6
6370,6,6
6371,6,6
6372,6,6
6373,6,6
6374,6,6
6375,6,3
6376,6,6
6377,6,5
6378,6,6
6379,6,6
6380,6,6
6381,6,6
6382,6,6
6383,6,3
6384,6,4
6385,6,6
6386,6,6
6387,6,6
6388,6,6
6389,6,6
6390,6,6
6391,6,3
6392,6,6
6393,6,3
6394,6,6
6395,6,6
6396,6,6
6397,6,6
6398,6,6
6399,6,6
6400,6,4
6401,6,6
6402,6,6
6403,6,6
6404,6,4
6405,6,6
6406,6,6
6407,6,6
6408,6,6
6409,6,1
6410,6,6
6411,6,2
6412,6,6
6413,6,6
6414,6,6
6415,6,2
6416,6,6
6417,6,6
6418,6,0
6419,6,2
6420,6,0
6421,6,3
6422,6,6
6423,6,6
6424,6,5
6425,6,2
6426,6,0
6427,6,6
6428,6,6
6429,6,6
6430,6,6
6431,6,2
6432,6,2
6433,6,6
6434,6,6
6435,6,6
6436,6,6
6437,6,6
6438,6,6
6439,6,6
6440,6,3
6441,6,6
6442,6,6
6443,6,6
6444,6,6
6445,6,6
6446,6,6
6447,6,3
6448,6,6
6449,6,6
6450,6,6
6451,6,6
6452,6,6
6453,6,6
6454,6,2
6455,6,6
6456,6,6
6457,6,4
6458,6,6
6459,6,2
6460,6,6
6461,6,6
6462,6,6
6463,6,6
6464,6,6
6465,6,6
6466,6,6
6467,6,6
6468,6,6
6469,6,6
6470,6,3
6471,6,4
6472,6,6
6473,6,6
6474,6,6
6475,6,6
6476,6,6
6477,6,6
6478,6,6
6479,6,6
6480,6,2
6481,6,6
6482,6,6
6483,6,6
6484,6,6
6485,6,0
6486,6,6
6487,6,6
6488,6,6
6489,6,6
6490,6,6
6491,6,2
6492,6,6
6493,6,6
6494,6,6
6495,6,6
6496,6,6
6497,6,6
6498,6,6
6499,6,6
6500,6,6
6501,6,6
6502,6,6
6503,6,6
6504,6,6
6505,6,6
6506,6,0
6507,6,6
6508,6,2
6509,6,0
6510,6,4
6511,6,6
6512,6,6
6513,6,6
6514,6,6
6515,6,6
6516,6,6
6517,6,6
6518,6,6
6519,6,6
6520,6,6
6521,6,6
6522,6,6
6523,6,6
6524,6,6
6525,6,6
6526,6,6
6527,6,6
6528,6,6
6529,6,2
6530,6,6
6531,6,6
6532,6,6
6533,6,6
6534,6,6
6535,6,6
6536,6,3
6537,6,4
6538,6,0
6539,6,4
6540,6,6
6541,6,6
6542,6,5
6543,6,6
6544,6,6
6545,6,6
6546,6,4
6547,6,6
6548,6,6
6549,6,6
6550,6,6
6551,6,6
6552,6,6
6553,6,6
6554,6,6
6555,6,6
6556,6,6
6557,6,6
6558,6,6
6559,6,6
6560,6,6
6561,6,6
6562,6,6
6563,6,6
6564,6,2
6565,6,6
6566,6,3
6567,6,6
6568,6,6
6569,6,6
6570,6,6
6571,6,2
6572,6,6
6573,6,4
6574,6,6
6575,6,6
6576,6,6
6577,6,6
6578,6,4
6579,6,6
6580,6,5
6581,6,6
6582,6,3
6583,6,6
6584,6,4
6585,6,3
6586,6,6
6587,6,3
6588,6,6
6589,6,6
6590,6,6
6591,6,6
6592,6,2
6593,6,6
6594,6,6
6595,6,2
6596,6,6
6597,6,3
6598,6,6
6599,6,6
6600,6,6
6601,6,6
6602,6,6
6603,6,3
6604,6,6
6605,6,6
6606,6,6
6607,6,6
6608,6,6
6609,6,2
6610,6,4
6611,6,6
6612,6,6
6613,6,6
6614,6,6
6615,6,6
6616,6,6
6617,6,6
6618,6,6
6619,6,3
6620,6,3
6621,6,6
6622,6,3
6623,6,6
6624,6,6
6625,6,6
6626,6,3
6627,6,6
6628,6,6
6629,6,6
6630,6,6
6631,6,6
6632,6,6
6633,6,6
6634,6,6
6635,6,6
6636,6,6
6637,6,6
6638,6,6
6639,6,6
6640,6,3
6641,6,6
6642,6,2
6643,6,6
6644,6,2
6645,6,3
6646,6,6
6647,6,0
6648,6,6
6649,6,6
6650,6,6
6651,6,2
6652,6,6
6653,6,6
6654,6,6
6655,6,6
6656,6,6
6657,6,2
6658,6,3
6659,6,6
6660,6,2
6661,6,6
6662,6,6
6663,6,2
6664,6,2
6665,6,6
6666,6,6
6667,6,6
6668,6,6
6669,6,2
6670,6,6
6671,6,6
6672,6,6
6673,6,6
6674,6,6
6675,6,6
6676,6,6
6677,6,6
6678,6,2
6679,6,6
6680,6,6
6681,6,6
6682,6,6
6683,6,4
6684,6,2
6685,6,6
6686,6,6
6687,6,6
6688,6,6
6689,6,6
6690,6,6
6691,6,6
6692,6,6
6693,6,0
6694,6,6
6695,6,6
6696,6,6
6697,6,6
6698,6,2
6699,6,6
6700,6,6
6701,6,6
6702,6,2
6703,6,6
6704,6,6
6705,6,6
6706,6,6
6707,6,6
6708,6,6
6709,6,6
6710,6,0
6711,6,3
6712,6,6
6713,6,6
6714,6,6
6715,6,6
6716,6,6
6717,6,6
6718,6,6
6719,6,6
6720,6,6
6721,6,6
6722,6,6
6723,6,3
6724,6,6
6725,6,6
6726,6,3
6727,6,6
6728,6,6
6729,6,0
6730,6,6
6731,6,6
6732,6,6
6733,6,6
6734,6,6
6735,6,3
6736,6,6
6737,6,3
6738,6,3
6739,6,3
6740,6,6
6741,6,6
6742,6,4
6743,6,6
6744,6,0
6745,6,6
6746,6,0
6747,6,6
6748,6,6
6749,6,3
6750,6,6
6751,6,6
6752,6,3
6753,6,6
6754,6,6
6755,6,6
6756,6,6
6757,6,6
6758,6,6
6759,6,6
6760,6,6
6761,6,6
6762,6,6
6763,6,6
6764,6,6
6765,6,6
6766,6,6
6767,6,3
6768,6,4
6769,6,6
6770,6,6
6771,6,6
6772,6,6
6773,6,6
6774,6,6
6775,6,6
6776,6,6
6777,6,6
6778,6,6
6779,6,6
6780,6,6
6781,6,6
6782,6,6
6783,6,6
6784,6,6
6785,6,6
6786,6,3
6787,6,0
6788,6,6
6789,6,6
6790,6,6
6791,6,6
6792,6,6
6793,6,6
6794,6,3
6795,6,6
6796,6,6
6797,6,6
6798,6,6
6799,6,6
6800,6,6
6801,6,6
6802,6,6
6803,6,6
6804,6,6
6805,6,6
6806,6,6
6807,6,3
6808,6,6
6809,6,6
6810,6,6
6811,6,6
6812,6,6
6813,6,6
6814,6,6
6815,6,6
6816,6,6
6817,6,6
6818,6,5
6819,6,0
6820,6,6
6821,6,6
6822,6,6
6823,6,0
6824,6,6
6825,6,6
6826,6,6
6827,6,4
6828,6,5
6829,6,6
6830,6,6
6831,6,6
6832,6,6
6833,6,6
6834,6,6
6835,6,6
6836,6,0
6837,6,6
6838,6,6
6839,6,6
6840,6,6
6841,6,4
6842,6,6
6843,6,6
6844,6,6
6845,6,6
6846,6,6
6847,6,0
6848,6,6
6849,6,3
6850,6,6
6851,6,6
6852,6,6
6853,6,6
6854,6,6
6855,6,2
6856,6,6
6857,6,6
6858,6,6
6859,6,6
6860,6,4
6861,6,2
6862,6,6
6863,6,6
6864,6,6
6865,6,6
6866,6,6
6867,6,6
6868,6,6
6869,6,6
6870,6,6
6871,6,4
6872,6,6
6873,6,6
6874,6,6
6875,6,6
6876,6,6
6877,6,6
6878,6,2
6879,6,6
6880,6,2
6881,6,6
6882,6,6
6883,6,0
6884,6,6
6885,6,6
6886,6,6
6887,6,6
6888,6,6
6889,6,6
6890,6,6
6891,6,6
6892,6,0
6893,6,6
6894,6,6
6895,6,6
6896,6,2
6897,6,6
6898,6,6
6899,6,6
6900,6,2
6901,6,6
6902,6,6
6903,6,0
6904,6,6
6905,6,6
6906,6,6
6907,6,6
6908,6,3
6909,6,6
6910,6,6
6911,6,6
6912,6,6
6913,6,4
6914,6,0
6915,6,6
6916,6,2
6917,6,6
6918,6,6
6919,6,6
6920,6,6
6921,6,6
6922,6,6
6923,6,6
6924,6,6
6925,6,6
6926,6,6
6927,6,6
6928,6,4
6929,6,6
6930,6,6
6931,6,0
6932,6,2
6933,6,6
6934,6,6
6935,6,0
6936,6,6
6937,6,6
6938,6,3
6939,6,6
6940,6,6
6941,6,0
6942,6,6
6943,6,6
6944,6,6
6945,6,6
6946,6,6
6947,6,2
6948,6,6
6949,6,3
6950,6,6
6951,6,4
6952,6,6
6953,6,6
6954,6,6
6955,6,6
6956,6,6
6957,6,6
6958,6,6
6959,6,6
6960,6,6
6961,6,6
6962,6,6
6963,6,4
6964,6,6
6965,6,6
6966,6,6
6967,6,6
6968,6,6
6969,6,6
6970,6,6
6971,6,6
6972,6,6
6973,6,6
6974,6,6
6975,6,6
6976,6,6
6977,6,4
6978,6,6
6979,6,6
6980,6,6
6981,6,6
6982,6,6
6983,6,6
6984,6,6
6985,6,6
6986,6,0
6987,6,6
6988,6,6
6989,6,6
6990,6,6
6991,6,2
6992,6,6
6993,6,6
6994,6,6
6995,6,6
6996,6,6
6997,6,6
6998,6,6
6999,6,6
7000,6,4
7001,6,6
7002,6,6
7003,6,2
7004,6,4
7005,6,6
7006,6,6
7007,6,6
7008,6,6
7009,6,6
7010,6,6
7011,6,6
7012,6,4
7013,6,6
7014,6,6
7015,6,6
7016,6,6
7017,6,6
7018,6,6
7019,6,4
7020,6,3
7021,6,6
7022,6,6
7023,6,6
7024,6,6
7025,6,6
7026,6,6
7027,6,4
7028,6,0
7029,6,6
7030,6,6
7031,6,3
7032,6,6
7033,6,6
7034,6,6
7035,6,6
7036,6,6
7037,6,5
7038,6,6
7039,6,6
7040,6,6
7041,6,6
7042,6,6
7043,6,6
7044,6,6
7045,6,6
7046,6,6
7047,6,6
7048,6,6
7049,6,6
7050,6,6
7051,6,6
7052,6,6
7053,6,5
7054,6,6
7055,6,6
7056,6,6
7057,6,6
7058,6,6
7059,6,3
7060,6,6
7061,6,6
7062,6,4
7063,6,3
7064,6,6
7065,6,6
7066,6,6
7067,6,6
7068,6,6
7069,6,0
7070,6,6
7071,6,6
7072,6,2
7073,6,6
7074,6,6
7075,6,6
7076,6,6
7077,6,6
7078,6,6
7079,6,6
7080,6,6
7081,6,3
7082,6,6
7083,6,6
7084,6,4
7085,6,2
7086,6,6
7087,6,6
7088,6,6
7089,6,6
7090,6,6
7091,6,6
7092,6,6
7093,6,2
7094,6,6
7095,6,6
7096,6,0
7097,6,6
7098,6,6
7099,6,6
7100,6,6
7101,6,6
7102,6,6
7103,6,6
7104,6,6
7105,6,4
7106,6,6
7107,6,6
7108,6,6
7109,6,6
7110,6,4
7111,6,6
7112,6,6
7113,6,2
7114,6,6
7115,6,4
7116,6,6
7117,6,3
7118,6,6
7119,6,6
7120,6,6
7121,6,5
7122,6,4
7123,6,6
7124,6,6
7125,6,6
7126,6,6
7127,6,6
7128,6,6
7129,6,6
7130,6,6
7131,6,6
7132,6,6
7133,6,4
7134,6,6
7135,6,0
7136,6,6
7137,6,6
7138,6,2
7139,6,2
7140,6,6
7141,6,6
7142,6,6
7143,6,6
7144,6,6
7145,6,6
7146,6,3
7147,6,6
7148,6,6
7149,6,3
7150,6,6
7151,6,6
7152,6,0
7153,6,6
7154,6,3
7155,6,6
7156,6,6
7157,6,3
7158,6,6
7159,6,6
7160,6,6
7161,6,6
7162,6,6
7163,6,6
7164,6,3
7165,6,6
7166,6,6
7167,6,6
7168,6,4
7169,6,6
7170,6,6
7171,6,6
7172,6,6
7173,6,2
7174,6,6
7175,6,6
7176,6,6
7177,6,6
